# Blender 5.1.1
# www.blender.org
mtllib Lab_3_VAR_11_Zubreichuk.mtl
o Цилиндр
v -1.375566 -0.720848 -0.274898
v -1.944240 -0.722939 0.278725
v -1.375566 -0.567133 -0.197999
v -1.944240 -0.545228 0.278725
v -1.944240 -0.722939 -0.278725
v -1.321936 -0.720848 -0.269615
v -1.944240 -0.545228 -0.278725
v -1.336938 -0.567133 -0.194194
v -1.801453 -0.722939 0.278725
v -1.270367 -0.720848 -0.253972
v -1.801453 -0.545228 0.278725
v -1.299795 -0.567133 -0.182927
v -1.801453 -0.722939 -0.278725
v -1.222841 -0.720848 -0.228569
v -1.265563 -0.567133 -0.164630
v -1.801453 -0.545228 -0.278725
v -1.181184 -0.720848 -0.194382
v -1.752050 -0.541131 -0.229704
v -1.235559 -0.567133 -0.140006
v -1.752050 -0.741233 -0.229704
v -1.146997 -0.720848 -0.152725
v -1.752050 -0.741233 0.229704
v -1.752050 -0.541131 0.229704
v -1.210936 -0.567133 -0.110002
v -1.121593 -0.720848 -0.105199
v -1.752050 -0.541131 -0.166210
v -1.192639 -0.567133 -0.075771
v -1.752050 -0.741233 -0.166210
v -1.752050 -0.741233 0.166210
v -1.105950 -0.720848 -0.053630
v -1.752050 -0.541131 0.166210
v -1.181371 -0.567133 -0.038628
v -1.100668 -0.720848 -0.000000
v -1.608695 -0.541131 -0.166210
v -1.177567 -0.567133 -0.000000
v -1.105950 -0.720848 0.053630
v -1.608695 -0.541131 0.166210
v -1.181371 -0.567133 0.038628
v -1.121593 -0.720848 0.105199
v -1.192639 -0.567133 0.075771
v -1.146997 -0.720848 0.152725
v -1.210936 -0.567133 0.110002
v -1.181184 -0.720848 0.194382
v -1.235559 -0.567133 0.140006
v -1.222841 -0.720848 0.228569
v -1.265563 -0.567133 0.164630
v -1.270367 -0.720848 0.253972
v -1.299795 -0.567133 0.182927
v -1.321936 -0.720848 0.269615
v -1.336938 -0.567133 0.194194
v -1.375566 -0.720848 0.274897
v -1.375566 -0.567133 0.197999
v -1.429195 -0.720848 0.269615
v -1.414193 -0.567133 0.194194
v -1.480764 -0.720848 0.253972
v -1.451336 -0.567133 0.182927
v -1.528290 -0.720848 0.228569
v -1.485568 -0.567133 0.164630
v -1.569947 -0.720848 0.194382
v -1.515572 -0.567133 0.140006
v -1.604134 -0.720848 0.152725
v -1.540195 -0.567133 0.110002
v -1.558492 -0.567133 0.075771
v -1.569760 -0.567133 0.038628
v -1.573564 -0.567133 -0.000000
v -1.569760 -0.567133 -0.038628
v -1.558492 -0.567133 -0.075771
v -1.604134 -0.720848 -0.152725
v -1.540195 -0.567133 -0.110002
v -1.569947 -0.720848 -0.194382
v -1.515572 -0.567133 -0.140006
v -1.528290 -0.720848 -0.228569
v -1.485568 -0.567133 -0.164630
v -1.480764 -0.720848 -0.253972
v -1.451336 -0.567133 -0.182927
v -1.429195 -0.720848 -0.269615
v -1.414193 -0.567133 -0.194194
v -1.321936 -0.567133 -0.269615
v -1.375566 -0.567133 -0.274898
v -1.270367 -0.567133 -0.253972
v -1.222841 -0.567133 -0.228569
v -1.181184 -0.567133 -0.194382
v -1.146997 -0.567133 -0.152725
v -1.121593 -0.567133 -0.105199
v -1.105950 -0.567133 -0.053630
v -1.100668 -0.567133 -0.000000
v -1.105950 -0.567133 0.053630
v -1.121593 -0.567133 0.105199
v -1.146997 -0.567133 0.152725
v -1.181184 -0.567133 0.194382
v -1.222841 -0.567133 0.228569
v -1.270367 -0.567133 0.253972
v -1.321936 -0.567133 0.269615
v -1.375566 -0.567133 0.274897
v -1.429195 -0.567133 0.269615
v -1.480764 -0.567133 0.253972
v -1.528290 -0.567133 0.228569
v -1.569947 -0.567133 0.194382
v -1.604134 -0.567133 0.152725
v -1.604134 -0.567133 -0.152725
v -1.569947 -0.567133 -0.194382
v -1.528290 -0.567133 -0.228569
v -1.480764 -0.567133 -0.253972
v -1.429195 -0.567133 -0.269615
v -1.375566 -0.518581 -0.184643
v -1.339543 -0.518581 -0.181095
v -1.304906 -0.518581 -0.170588
v -1.272983 -0.518581 -0.153525
v -1.245003 -0.518581 -0.130562
v -1.222040 -0.518581 -0.102582
v -1.204978 -0.518581 -0.070660
v -1.194470 -0.518581 -0.036022
v -1.190922 -0.518581 -0.000000
v -1.194470 -0.518581 0.036022
v -1.204978 -0.518581 0.070660
v -1.222040 -0.518581 0.102582
v -1.245003 -0.518581 0.130562
v -1.272983 -0.518581 0.153525
v -1.304906 -0.518581 0.170588
v -1.339543 -0.518581 0.181095
v -1.375566 -0.518581 0.184643
v -1.411588 -0.518581 0.181095
v -1.446225 -0.518581 0.170588
v -1.478148 -0.518581 0.153525
v -1.506128 -0.518581 0.130562
v -1.529091 -0.518581 0.102582
v -1.546154 -0.518581 0.070660
v -1.556661 -0.518581 0.036022
v -1.560209 -0.518581 -0.000000
v -1.556661 -0.518581 -0.036022
v -1.546154 -0.518581 -0.070660
v -1.529091 -0.518581 -0.102582
v -1.506128 -0.518581 -0.130562
v -1.478148 -0.518581 -0.153525
v -1.446225 -0.518581 -0.170588
v -1.411588 -0.518581 -0.181095
v -1.375566 -0.672122 -0.274898
v -1.321936 -0.672122 -0.269615
v -1.270367 -0.672122 -0.253972
v -1.222841 -0.672122 -0.228569
v -1.181184 -0.672122 -0.194382
v -1.146997 -0.672122 -0.152725
v -1.121593 -0.672122 -0.105199
v -1.105950 -0.672122 -0.053630
v -1.100668 -0.672122 -0.000000
v -1.105950 -0.672122 0.053630
v -1.121593 -0.672122 0.105199
v -1.146997 -0.672122 0.152725
v -1.181184 -0.672122 0.194382
v -1.222841 -0.672122 0.228569
v -1.270367 -0.672122 0.253972
v -1.321936 -0.672122 0.269615
v -1.375566 -0.672122 0.274897
v -1.429195 -0.672122 0.269615
v -1.480764 -0.672122 0.253972
v -1.528290 -0.672122 0.228569
v -1.569947 -0.672122 0.194382
v -1.604134 -0.672122 0.152725
v -1.604134 -0.672122 -0.152725
v -1.569947 -0.672122 -0.194382
v -1.528290 -0.672122 -0.228569
v -1.480764 -0.672122 -0.253972
v -1.429195 -0.672122 -0.269615
v -1.166489 -0.694847 -0.314236
v -1.166489 -0.721295 -0.314236
v -1.135770 -0.721295 -0.297482
v -1.135770 -0.694847 -0.297482
v -1.104086 -0.721295 -0.271480
v -1.104086 -0.694847 -0.271480
v -1.078084 -0.721295 -0.239796
v -1.078084 -0.694847 -0.239796
v -1.061330 -0.721295 -0.209077
v -1.061330 -0.694847 -0.209077
v -1.061330 -0.694847 0.209077
v -1.061330 -0.721295 0.209077
v -1.078084 -0.721295 0.239796
v -1.078084 -0.694847 0.239796
v -1.104086 -0.721295 0.271480
v -1.104086 -0.694847 0.271480
v -1.135770 -0.721295 0.297482
v -1.135770 -0.694847 0.297482
v -1.166489 -0.721295 0.314236
v -1.166489 -0.694847 0.314236
v -1.584642 -0.694847 0.314236
v -1.584642 -0.721295 0.314236
v -1.615361 -0.721295 0.297482
v -1.615361 -0.694847 0.297482
v -1.647045 -0.721295 0.271480
v -1.647045 -0.694847 0.271480
v -1.673047 -0.721295 0.239796
v -1.673047 -0.694847 0.239796
v -1.689801 -0.721295 0.209077
v -1.689801 -0.694847 0.209077
v -1.689801 -0.694847 -0.209077
v -1.689801 -0.721295 -0.209077
v -1.673047 -0.721295 -0.239796
v -1.673047 -0.694847 -0.239796
v -1.647045 -0.721295 -0.271480
v -1.647045 -0.694847 -0.271480
v -1.615361 -0.721295 -0.297482
v -1.615361 -0.694847 -0.297482
v -1.584642 -0.721295 -0.314236
v -1.584642 -0.694847 -0.314236
v -1.596708 -0.744708 -0.282704
v -1.546807 -0.744452 -0.243210
v -1.586331 -0.744452 -0.210765
v -1.630525 -0.744708 -0.254960
v -1.658270 -0.744708 -0.221143
v -1.618776 -0.744452 -0.171242
v -1.154423 -0.744708 -0.282704
v -1.204324 -0.744452 -0.243210
v -1.120606 -0.744708 -0.254960
v -1.164800 -0.744452 -0.210765
v -1.092861 -0.744708 -0.221143
v -1.132355 -0.744452 -0.171242
v -1.132355 -0.744452 0.171242
v -1.092861 -0.744708 0.221142
v -1.120606 -0.744708 0.254960
v -1.164800 -0.744452 0.210765
v -1.154423 -0.744708 0.282704
v -1.204324 -0.744452 0.243210
v -1.586331 -0.744452 0.210765
v -1.630525 -0.744708 0.254960
v -1.658270 -0.744708 0.221142
v -1.618776 -0.744452 0.171242
v -1.546807 -0.744452 0.243210
v -1.596708 -0.744708 0.282704
v -1.528222 -0.744357 -0.228501
v -1.569879 -0.744357 -0.194314
v -1.604066 -0.744357 -0.152657
v -1.604066 -0.744357 0.152657
v -1.569879 -0.744357 0.194314
v -1.528222 -0.744357 0.228501
v -1.222909 -0.744357 0.228501
v -1.181252 -0.744357 0.194314
v -1.147065 -0.744357 0.152657
v -1.147065 -0.744357 -0.152657
v -1.181252 -0.744357 -0.194314
v -1.222909 -0.744357 -0.228501
v -1.630594 -0.721199 0.255028
v -1.596776 -0.721199 0.282772
v -1.546876 -0.720943 0.243278
v -1.618844 -0.720943 0.171310
v -1.658338 -0.721199 0.221211
v -1.676821 -0.721198 0.186701
v -1.676800 -0.689945 0.186667
v -1.618918 -0.676997 0.171404
v -1.658264 -0.689972 0.221117
v -1.586497 -0.677000 0.210931
v -1.630496 -0.689969 0.254930
v -1.546969 -0.676997 0.243352
v -1.596682 -0.689972 0.282698
v -1.562232 -0.689945 0.301235
v -1.503174 -0.677024 0.266973
v -1.503139 -0.720944 0.266953
v -1.562267 -0.721198 0.301255
v -1.092793 -0.721199 0.221211
v -1.132287 -0.720943 0.171310
v -1.074311 -0.721198 0.186701
v -1.108613 -0.720944 0.127574
v -1.074331 -0.689945 0.186667
v -1.108593 -0.677024 0.127608
v -1.188899 -0.689945 0.301235
v -1.247957 -0.677024 0.266973
v -1.154449 -0.689972 0.282698
v -1.204162 -0.676997 0.243352
v -1.164634 -0.677000 0.210931
v -1.120635 -0.689969 0.254930
v -1.120538 -0.721199 0.255028
v -1.132213 -0.676997 0.171404
v -1.092867 -0.689972 0.221117
v -1.204255 -0.720943 0.243278
v -1.154355 -0.721199 0.282772
v -1.247992 -0.720944 0.266953
v -1.188864 -0.721198 0.301255
v -1.188899 -0.689945 -0.301235
v -1.247957 -0.677024 -0.266973
v -1.154449 -0.689972 -0.282698
v -1.204162 -0.676997 -0.243353
v -1.074311 -0.721198 -0.186702
v -1.108613 -0.720944 -0.127574
v -1.108593 -0.677024 -0.127608
v -1.074331 -0.689945 -0.186667
v -1.188864 -0.721198 -0.301255
v -1.247992 -0.720944 -0.266953
v -1.204255 -0.720943 -0.243278
v -1.154355 -0.721199 -0.282772
v -1.120538 -0.721199 -0.255028
v -1.132287 -0.720943 -0.171310
v -1.092793 -0.721199 -0.221211
v -1.132213 -0.676997 -0.171404
v -1.092867 -0.689972 -0.221117
v -1.164634 -0.677000 -0.210931
v -1.120635 -0.689969 -0.254930
v -1.546876 -0.720943 -0.243278
v -1.596776 -0.721199 -0.282772
v -1.630594 -0.721199 -0.255028
v -1.630496 -0.689969 -0.254930
v -1.586497 -0.677000 -0.210931
v -1.596682 -0.689972 -0.282698
v -1.546969 -0.676997 -0.243353
v -1.562232 -0.689945 -0.301235
v -1.503174 -0.677024 -0.266973
v -1.658264 -0.689972 -0.221117
v -1.618918 -0.676997 -0.171404
v -1.676800 -0.689945 -0.186667
v -1.503139 -0.720944 -0.266953
v -1.562267 -0.721198 -0.301255
v -1.676821 -0.721198 -0.186701
v -1.618844 -0.720943 -0.171310
v -1.658338 -0.721199 -0.221211
v -1.608695 -0.567133 0.144193
v -1.608695 -0.672122 0.144193
v -1.608695 -0.567133 -0.144193
v -1.608695 -0.672122 -0.144193
v -1.608695 -0.720848 0.144193
v -1.608695 -0.720848 -0.144193
v -1.608695 -0.567133 0.096565
v -1.608695 -0.567133 0.046372
v -1.608695 -0.567133 -0.000000
v -1.608695 -0.567133 -0.046372
v -1.608695 -0.567133 -0.096565
v -1.614807 -0.720917 0.166210
v -1.608695 -0.720877 0.158487
v -1.614795 -0.741233 0.166210
v -1.608695 -0.741233 0.158502
v -1.608695 -0.720877 -0.158487
v -1.614808 -0.720917 -0.166210
v -1.614795 -0.741233 -0.166210
v -1.608695 -0.741233 -0.158503
v -1.621604 -0.720943 -0.166210
v -1.608695 -0.673626 0.158487
v -1.621719 -0.677000 0.166210
v -1.614808 -0.675641 0.166210
v -1.621604 -0.720943 0.166210
v -1.608695 -0.674652 0.166210
v -1.608695 -0.674652 -0.166210
v -1.608695 -0.673626 -0.158487
v -1.614808 -0.675641 -0.166210
v -1.621719 -0.677000 -0.166210
v -1.664933 -0.685469 0.166210
v -1.664933 -0.721110 0.166210
v -1.664933 -0.721110 -0.166210
v -1.664933 -0.685469 -0.166210
vn 0.0980 -0.0000 -0.9952
vn 0.2903 -0.0000 -0.9569
vn 0.4714 -0.0000 -0.8819
vn 0.6344 -0.0000 -0.7730
vn 0.7730 -0.0000 -0.6344
vn 0.8819 -0.0000 -0.4714
vn 0.9569 -0.0000 -0.2903
vn 0.9952 -0.0000 -0.0980
vn 0.9952 -0.0000 0.0980
vn 0.9569 -0.0000 0.2903
vn 0.8819 -0.0000 0.4714
vn 0.7730 -0.0000 0.6344
vn 0.6344 -0.0000 0.7730
vn 0.4714 -0.0000 0.8819
vn 0.2903 -0.0000 0.9569
vn 0.0980 -0.0000 0.9952
vn -0.0980 -0.0000 0.9952
vn -0.2903 -0.0000 0.9569
vn -0.4714 -0.0000 0.8819
vn -0.6344 -0.0000 0.7730
vn -0.7730 -0.0000 0.6344
vn -0.8819 -0.0000 0.4714
vn -0.8819 -0.0000 -0.4714
vn -0.7730 -0.0000 -0.6344
vn -0.6344 -0.0000 -0.7730
vn -0.4714 -0.0000 -0.8819
vn 0.6119 0.2640 -0.7456
vn -0.2903 -0.0000 -0.9569
vn -0.0980 -0.0000 -0.9952
vn -0.0000 -1.0000 -0.0000
vn -0.0000 1.0000 -0.0000
vn -0.2800 0.2640 -0.9230
vn -0.2800 0.2640 0.9230
vn 0.7456 0.2640 -0.6119
vn -0.0945 0.2640 -0.9599
vn -0.4547 0.2640 0.8506
vn 0.8506 0.2640 -0.4547
vn -0.6119 0.2640 0.7456
vn 0.9230 0.2640 -0.2800
vn -0.7456 0.2640 0.6119
vn 0.9599 0.2640 -0.0945
vn -0.8506 0.2640 0.4547
vn 0.9599 0.2640 0.0945
vn -0.9230 0.2640 0.2800
vn 0.9230 0.2640 0.2800
vn -0.9599 0.2640 0.0945
vn 0.8506 0.2640 0.4547
vn -0.9599 0.2640 -0.0945
vn 0.7456 0.2640 0.6119
vn -0.9230 0.2640 -0.2800
vn 0.6119 0.2640 0.7456
vn -0.8506 0.2640 -0.4547
vn 0.4547 0.2640 0.8506
vn 0.0945 0.2640 -0.9599
vn -0.7456 0.2640 -0.6119
vn 0.2800 0.2640 0.9230
vn 0.2800 0.2640 -0.9230
vn -0.6119 0.2640 -0.7456
vn 0.0945 0.2640 0.9599
vn 0.4547 0.2640 -0.8506
vn -0.4547 0.2640 -0.8506
vn -0.0945 0.2640 0.9599
vn 0.0026 -1.0000 -0.0032
vn -0.0038 -1.0000 -0.0021
vn -0.7841 -0.0005 -0.6206
vn 0.1585 0.9788 0.1300
vn 0.1035 0.9762 -0.1904
vn -0.5018 -0.0000 0.8650
vn -0.1300 0.9788 -0.1585
vn -0.0039 -1.0000 0.0021
vn 0.0032 -1.0000 0.0026
vn 0.0021 -1.0000 -0.0038
vn -0.1026 0.9761 -0.1917
vn 0.8650 -0.0000 -0.5018
vn 0.1300 0.9788 -0.1585
vn 0.5018 -0.0000 -0.8650
vn 0.1904 0.9762 0.1035
vn -0.4788 -0.0000 -0.8779
vn -0.8779 -0.0000 -0.4788
vn -0.8779 -0.0000 0.4788
vn -0.4788 -0.0000 0.8779
vn 0.4788 -0.0000 0.8779
vn 0.8779 -0.0000 0.4788
vn 0.8779 -0.0000 -0.4788
vn 0.4788 -0.0000 -0.8779
vn 0.0021 -1.0000 0.0039
vn -0.7841 -0.0005 0.6206
vn 0.1917 0.9761 0.1026
vn 0.6344 0.0041 0.7730
vn -0.0021 -1.0000 -0.0039
vn 0.0039 -1.0000 0.0021
vn -0.1919 0.9760 0.1029
vn -0.1921 0.9760 0.1027
vn -0.0026 -1.0000 0.0032
vn -0.1300 0.9788 0.1585
vn -0.1904 0.9762 0.1035
vn 0.1585 0.9788 -0.1300
vn -0.5018 -0.0000 -0.8650
vn -0.1026 0.9761 0.1917
vn 0.5018 -0.0000 0.8650
vn -0.0021 -1.0000 0.0039
vn 0.0021 -1.0000 -0.0039
vn 0.7841 -0.0005 0.6206
vn 0.6344 0.0041 -0.7730
vn 0.1026 0.9761 0.1917
vn 0.8650 -0.0000 0.5018
vn 0.0039 -1.0000 -0.0021
vn -0.1035 0.9762 0.1904
vn -0.6343 -0.0041 0.7731
vn -0.8650 -0.0000 -0.5018
vn -0.1585 0.9788 0.1300
vn 0.0038 -1.0000 -0.0021
vn 0.0032 -1.0000 -0.0026
vn 0.6343 -0.0041 0.7731
vn 0.1300 0.9788 0.1585
vn -0.0021 -1.0000 -0.0038
vn -0.0026 -1.0000 -0.0032
vn -0.0032 -1.0000 -0.0026
vn 0.1035 0.9762 0.1904
vn -0.0039 -1.0000 -0.0021
vn 0.1917 0.9761 -0.1026
vn -0.0038 -1.0000 0.0021
vn 0.1904 0.9762 -0.1035
vn -0.0032 -1.0000 0.0026
vn 0.1026 0.9761 -0.1917
vn -0.0021 -1.0000 0.0038
vn -0.1585 0.9788 -0.1300
vn 0.0038 -1.0000 0.0021
vn -0.8650 -0.0000 0.5018
vn -0.1919 0.9760 -0.1029
vn -0.1921 0.9760 -0.1027
vn 0.0026 -1.0000 0.0032
vn -0.1035 0.9762 -0.1904
vn 0.0021 -1.0000 0.0038
vn -0.1904 0.9762 -0.1035
vn -0.1030 0.9761 0.1912
vn -0.1911 0.9761 0.1032
vn 0.6343 -0.0041 -0.7731
vn 0.7841 -0.0005 -0.6206
vn -0.7731 -0.0041 -0.6343
vn 0.1912 0.9761 0.1030
vn 0.1030 0.9761 0.1912
vn -0.6206 -0.0005 0.7841
vn 0.1912 0.9761 -0.1030
vn 0.6206 -0.0005 -0.7841
vn -0.6206 -0.0005 -0.7841
vn 0.1030 0.9761 -0.1912
vn -0.1030 0.9761 -0.1912
vn 0.7730 0.0041 0.6344
vn -0.1911 0.9761 -0.1032
vn -0.7731 -0.0041 0.6343
vn 0.6206 -0.0005 0.7841
vn -0.7730 0.0041 -0.6344
vn 0.7730 0.0041 -0.6344
vn -0.6344 0.0041 0.7730
vn 0.7731 -0.0041 0.6343
vn -0.6344 0.0041 -0.7730
vn -0.6343 -0.0041 -0.7731
vn -0.7730 0.0041 0.6344
vn 0.7731 -0.0041 -0.6343
vn -1.0000 -0.0000 -0.0000
vn -0.0000 -0.0000 -1.0000
vn 0.7044 -0.0000 -0.7099
vn -0.0000 -0.0000 1.0000
vn 0.7044 -0.0000 0.7099
vn -0.3473 -0.9378 -0.0000
vn -0.0827 0.9966 -0.0000
vn 1.0000 -0.0000 -0.0000
vt 1.000000 0.658494
vt 1.000000 1.000000
vt 0.968750 1.000000
vt 0.968750 0.658494
vt 0.937500 1.000000
vt 0.937500 0.658494
vt 0.906250 1.000000
vt 0.906250 0.658494
vt 0.875000 1.000000
vt 0.875000 0.658494
vt 0.843750 1.000000
vt 0.843750 0.658494
vt 0.812500 1.000000
vt 0.812500 0.658494
vt 0.781250 1.000000
vt 0.781250 0.658494
vt 0.750000 1.000000
vt 0.750000 0.658494
vt 0.718750 1.000000
vt 0.718750 0.658494
vt 0.687500 1.000000
vt 0.687500 0.658494
vt 0.656250 1.000000
vt 0.656250 0.658494
vt 0.625000 1.000000
vt 0.625000 0.658494
vt 0.593750 1.000000
vt 0.593750 0.658494
vt 0.562500 1.000000
vt 0.562500 0.658494
vt 0.531250 1.000000
vt 0.531250 0.658494
vt 0.500000 1.000000
vt 0.500000 0.658494
vt 0.468750 1.000000
vt 0.468750 0.658494
vt 0.437500 1.000000
vt 0.437500 0.658494
vt 0.406250 1.000000
vt 0.406250 0.658494
vt 0.375000 1.000000
vt 0.375000 0.658494
vt 0.343750 1.000000
vt 0.343750 0.658494
vt 0.338140 1.000000
vt 0.338140 0.658494
vt 0.161860 1.000000
vt 0.156250 1.000000
vt 0.156250 0.658494
vt 0.161860 0.658494
vt 0.125000 1.000000
vt 0.125000 0.658494
vt 0.093750 1.000000
vt 0.093750 0.658494
vt 0.062500 1.000000
vt 0.062500 0.658494
vt 0.372233 0.372233
vt 0.346038 0.393731
vt 0.031250 1.000000
vt 0.031250 0.658494
vt 0.000000 1.000000
vt 0.000000 0.658494
vt 0.546466 0.375888
vt 0.550447 0.383337
vt 0.580294 0.419706
vt 0.616663 0.449553
vt 0.658156 0.471731
vt 0.703178 0.485388
vt 0.750000 0.490000
vt 0.796822 0.485388
vt 0.841844 0.471731
vt 0.883337 0.449553
vt 0.919706 0.419706
vt 0.949553 0.383337
vt 0.971731 0.341844
vt 0.985388 0.296822
vt 0.990000 0.250000
vt 0.985388 0.203178
vt 0.971731 0.158156
vt 0.949553 0.116663
vt 0.919706 0.080294
vt 0.883337 0.050447
vt 0.841844 0.028269
vt 0.796822 0.014612
vt 0.750000 0.010000
vt 0.703178 0.014612
vt 0.658156 0.028269
vt 0.616663 0.050447
vt 0.580294 0.080294
vt 0.550447 0.116663
vt 0.546466 0.124112
vt 0.250000 0.422863
vt 0.283724 0.419542
vt 0.296822 0.485388
vt 0.250000 0.490000
vt 0.316152 0.409705
vt 0.341844 0.471731
vt 0.383337 0.449553
vt 0.419706 0.419706
vt 0.393731 0.346038
vt 0.449553 0.383337
vt 0.409705 0.316152
vt 0.471731 0.341844
vt 0.419542 0.283724
vt 0.485388 0.296822
vt 0.422863 0.250000
vt 0.490000 0.250000
vt 0.419542 0.216276
vt 0.485388 0.203178
vt 0.409705 0.183848
vt 0.471731 0.158156
vt 0.393730 0.153962
vt 0.449553 0.116663
vt 0.372233 0.127767
vt 0.419706 0.080294
vt 0.346038 0.106269
vt 0.383337 0.050447
vt 0.316152 0.090295
vt 0.341844 0.028269
vt 0.283724 0.080458
vt 0.296822 0.014612
vt 0.250000 0.077137
vt 0.250000 0.010000
vt 0.216276 0.080458
vt 0.203178 0.014612
vt 0.183848 0.090295
vt 0.158156 0.028269
vt 0.153962 0.106269
vt 0.116663 0.050447
vt 0.127767 0.127767
vt 0.080294 0.080294
vt 0.106269 0.153962
vt 0.050447 0.116663
vt 0.046466 0.124112
vt 0.090295 0.183848
vt 0.046466 0.165693
vt 0.080458 0.216276
vt 0.046466 0.209515
vt 0.077137 0.250000
vt 0.046466 0.250000
vt 0.080458 0.283724
vt 0.046466 0.290485
vt 0.090295 0.316152
vt 0.046466 0.334307
vt 0.106269 0.346038
vt 0.050447 0.383337
vt 0.046466 0.375888
vt 0.127767 0.372233
vt 0.080294 0.419706
vt 0.153962 0.393730
vt 0.116663 0.449553
vt 0.183848 0.409705
vt 0.158156 0.471731
vt 0.216276 0.419542
vt 0.203178 0.485388
vt 0.031250 0.500000
vt 0.000000 0.500000
vt 0.062500 0.500000
vt 0.949553 0.116663
vt 0.550447 0.116663
vt 0.562500 0.500000
vt 0.468750 0.500000
vt 0.437500 0.500000
vt 0.500000 0.500000
vt 0.531250 0.500000
vt 0.949553 0.383337
vt 0.658156 0.028269
vt 0.718750 0.500000
vt 0.687500 0.500000
vt 0.750000 0.500000
vt 0.781250 0.500000
vt 0.812500 0.500000
vt 0.656250 0.658494
vt 0.968750 0.500000
vt 0.937500 0.500000
vt 1.000000 0.500000
vt 0.093750 0.500000
vt 0.125000 0.500000
vt 0.156250 0.500000
vt 0.187500 0.500000
vt 0.187500 0.658494
vt 0.343750 0.500000
vt 0.312500 0.658494
vt 0.312500 0.500000
vt 0.375000 0.500000
vt 0.406250 0.500000
vt 0.593750 0.500000
vt 0.625000 0.500000
vt 0.656250 0.500000
vt 0.843750 0.500000
vt 0.875000 0.500000
vt 0.906250 0.500000
vt 0.658156 0.471731
vt 0.841844 0.028269
vt 0.547861 0.378499
vt 0.340044 0.658494
vt 0.883337 0.449553
vt 0.841844 0.471731
vt 0.547861 0.121501
vt 0.406250 0.658494
vt 0.346658 0.658494
vt 0.528269 0.158156
vt 0.841844 0.028269
vt 0.949553 0.116663
vt 0.949553 0.383337
vt 0.156250 0.658494
vt 0.153342 0.658494
vt 0.528269 0.341844
vt 0.159956 0.658494
vt 0.616663 0.449553
vt 0.156250 0.658494
vt 0.658156 0.471731
vt 0.919706 0.080294
vt 0.375000 0.000000
vt 0.625000 0.000000
vt 0.625000 0.250000
vt 0.375000 0.250000
vt 0.375000 0.750000
vt 0.625000 0.750000
vt 0.125000 0.750000
vt 0.875000 0.750000
vt 0.458184 0.750000
vt 0.400382 0.750000
vt 0.400349 0.750000
vt 0.400140 0.750000
vt 0.444669 0.750000
vt 0.455250 0.750000
vt 0.456947 0.750000
vt 0.400469 0.516558
vt 0.400468 0.733442
vt 0.400432 0.744192
vt 0.375000 0.744203
vt 0.375000 0.505797
vt 0.400432 0.505808
vt 0.461345 0.733442
vt 0.592514 0.733442
vt 0.592514 0.697623
vt 0.592514 0.659875
vt 0.592514 0.625000
vt 0.592514 0.590125
vt 0.592514 0.552377
vt 0.592514 0.516558
vt 0.461345 0.516558
vt 0.459466 0.505808
vt 0.458184 0.500000
vt 0.459466 0.744192
vt 0.456947 0.500000
vt 0.455250 0.500000
vt 0.444669 0.500000
vt 0.400140 0.500000
vt 0.400349 0.500000
vt 0.400382 0.500000
s 0
f 137/1/1 79/2/1 78/3/1 138/4/1
f 138/4/2 78/3/2 80/5/2 139/6/2
f 139/6/3 80/5/3 81/7/3 140/8/3
f 140/8/4 81/7/4 82/9/4 141/10/4
f 141/10/5 82/9/5 83/11/5 142/12/5
f 142/12/6 83/11/6 84/13/6 143/14/6
f 143/14/7 84/13/7 85/15/7 144/16/7
f 144/16/8 85/15/8 86/17/8 145/18/8
f 145/18/9 86/17/9 87/19/9 146/20/9
f 146/20/10 87/19/10 88/21/10 147/22/10
f 147/22/11 88/21/11 89/23/11 148/24/11
f 148/24/12 89/23/12 90/25/12 149/26/12
f 149/26/13 90/25/13 91/27/13 150/28/13
f 150/28/14 91/27/14 92/29/14 151/30/14
f 151/30/15 92/29/15 93/31/15 152/32/15
f 152/32/16 93/31/16 94/33/16 153/34/16
f 153/34/17 94/33/17 95/35/17 154/36/17
f 154/36/18 95/35/18 96/37/18 155/38/18
f 155/38/19 96/37/19 97/39/19 156/40/19
f 156/40/20 97/39/20 98/41/20 157/42/20
f 157/42/21 98/41/21 99/43/21 158/44/21
f 158/44/22 99/43/22 312/45/22 313/46/22
f 314/47/23 100/48/23 159/49/23 315/50/23
f 159/49/24 100/48/24 101/51/24 160/52/24
f 160/52/25 101/51/25 102/53/25 161/54/25
f 161/54/26 102/53/26 103/55/26 162/56/26
f 19/57/27 15/58/27 108/58/27 109/57/27
f 162/56/28 103/55/28 104/59/28 163/60/28
f 163/60/29 104/59/29 79/61/29 137/62/29
f 317/63/30 68/64/30 70/65/30 72/66/30 74/67/30 76/68/30 1/69/30 6/70/30 10/71/30 14/72/30 17/73/30 21/74/30 25/75/30 30/76/30 33/77/30 36/78/30 39/79/30 41/80/30 43/81/30 45/82/30 47/83/30 49/84/30 51/85/30 53/86/30 55/87/30 57/88/30 59/89/30 61/90/30 316/91/30
f 3/92/31 8/93/31 78/94/31 79/95/31
f 8/93/31 12/96/31 80/97/31 78/94/31
f 12/96/31 15/58/31 81/98/31 80/97/31
f 15/58/31 19/57/31 82/99/31 81/98/31
f 19/57/31 24/100/31 83/101/31 82/99/31
f 24/100/31 27/102/31 84/103/31 83/101/31
f 27/102/31 32/104/31 85/105/31 84/103/31
f 32/104/31 35/106/31 86/107/31 85/105/31
f 35/106/31 38/108/31 87/109/31 86/107/31
f 38/108/31 40/110/31 88/111/31 87/109/31
f 40/110/31 42/112/31 89/113/31 88/111/31
f 42/112/31 44/114/31 90/115/31 89/113/31
f 44/114/31 46/116/31 91/117/31 90/115/31
f 46/116/31 48/118/31 92/119/31 91/117/31
f 48/118/31 50/120/31 93/121/31 92/119/31
f 50/120/31 52/122/31 94/123/31 93/121/31
f 52/122/31 54/124/31 95/125/31 94/123/31
f 54/124/31 56/126/31 96/127/31 95/125/31
f 56/126/31 58/128/31 97/129/31 96/127/31
f 58/128/31 60/130/31 98/131/31 97/129/31
f 60/130/31 62/132/31 99/133/31 98/131/31
f 312/134/31 99/133/31 62/132/31 63/135/31 318/136/31
f 318/136/31 63/135/31 64/137/31 319/138/31
f 319/138/31 64/137/31 65/139/31 320/140/31
f 320/140/31 65/139/31 66/141/31 321/142/31
f 321/142/31 66/141/31 67/143/31 322/144/31
f 67/143/31 69/145/31 100/146/31 314/147/31 322/144/31
f 69/145/31 71/148/31 101/149/31 100/146/31
f 71/148/31 73/150/31 102/151/31 101/149/31
f 73/150/31 75/152/31 103/153/31 102/151/31
f 75/152/31 77/154/31 104/155/31 103/153/31
f 77/154/31 3/92/31 79/95/31 104/155/31
f 133/148/31 132/145/31 131/143/31 130/141/31 129/139/31 128/137/31 127/135/31 126/132/31 125/130/31 124/128/31 123/126/31 122/124/31 121/122/31 120/120/31 119/118/31 118/116/31 117/114/31 116/112/31 115/110/31 114/108/31 113/106/31 112/104/31 111/102/31 110/100/31 109/57/31 108/58/31 107/96/31 106/93/31 105/92/31 136/154/31 135/152/31 134/150/31
f 77/154/32 75/152/32 135/152/32 136/154/32
f 56/126/33 54/124/33 122/124/33 123/126/33
f 24/100/34 19/57/34 109/57/34 110/100/34
f 3/92/35 77/154/35 136/154/35 105/92/35
f 58/128/36 56/126/36 123/126/36 124/128/36
f 27/102/37 24/100/37 110/100/37 111/102/37
f 60/130/38 58/128/38 124/128/38 125/130/38
f 32/104/39 27/102/39 111/102/39 112/104/39
f 62/132/40 60/130/40 125/130/40 126/132/40
f 35/106/41 32/104/41 112/104/41 113/106/41
f 63/135/42 62/132/42 126/132/42 127/135/42
f 38/108/43 35/106/43 113/106/43 114/108/43
f 64/137/44 63/135/44 127/135/44 128/137/44
f 40/110/45 38/108/45 114/108/45 115/110/45
f 65/139/46 64/137/46 128/137/46 129/139/46
f 42/112/47 40/110/47 115/110/47 116/112/47
f 66/141/48 65/139/48 129/139/48 130/141/48
f 44/114/49 42/112/49 116/112/49 117/114/49
f 67/143/50 66/141/50 130/141/50 131/143/50
f 46/116/51 44/114/51 117/114/51 118/116/51
f 69/145/52 67/143/52 131/143/52 132/145/52
f 48/118/53 46/116/53 118/116/53 119/118/53
f 8/93/54 3/92/54 105/92/54 106/93/54
f 71/148/55 69/145/55 132/145/55 133/148/55
f 50/120/56 48/118/56 119/118/56 120/120/56
f 12/96/57 8/93/57 106/93/57 107/96/57
f 73/150/58 71/148/58 133/148/58 134/150/58
f 52/122/59 50/120/59 120/120/59 121/122/59
f 15/58/60 12/96/60 107/96/60 108/58/60
f 75/152/61 73/150/61 134/150/61 135/152/61
f 54/124/62 52/122/62 121/122/62 122/124/62
f 76/156/29 163/60/29 137/62/29 1/157/29
f 74/158/28 162/56/28 163/60/28 76/156/28
f 240/89/63 241/88/63 186/88/63 188/89/63
f 257/159/64 259/79/64 175/79/64 176/80/64
f 324/90/65 61/90/65 231/90/65 225/90/65 243/90/65 323/90/65 325/160/65 326/90/65
f 148/24/66 149/26/66 267/26/66 270/24/66
f 276/6/67 278/8/67 167/8/67 164/6/67
f 151/30/68 47/161/68 274/161/68 264/30/68
f 298/52/69 300/54/69 201/54/69 199/52/69
f 53/162/18 154/36/18 155/38/18 55/163/18
f 51/164/17 153/34/17 154/36/17 53/162/17
f 49/165/16 152/32/16 153/34/16 51/164/16
f 47/161/15 151/30/15 152/32/15 49/165/15
f 25/75/70 21/74/70 289/166/70 281/75/70
f 297/65/71 311/64/71 196/64/71 198/65/71
f 241/88/72 256/167/72 185/87/72 186/88/72
f 161/54/73 162/56/73 303/56/73 301/54/73
f 36/168/10 146/20/10 147/22/10 39/169/10
f 33/170/9 145/18/9 146/20/9 36/168/9
f 30/171/8 144/16/8 145/18/8 33/170/8
f 25/172/7 143/14/7 144/16/7 30/171/7
f 39/169/74 147/22/74 262/22/74 260/169/74
f 278/8/75 294/10/75 169/10/75 167/8/75
f 302/56/76 308/158/76 202/158/76 203/56/76
f 261/22/77 271/173/77 177/24/77 174/22/77
f 6/174/2 138/4/2 139/6/2 10/175/2
f 1/176/1 137/1/1 138/4/1 6/174/1
f 200/177/78 201/54/78 203/56/78 202/158/78
f 198/178/25 199/52/25 201/54/25 200/177/25
f 196/179/24 197/49/24 199/52/24 198/178/24
f 195/180/79 194/181/79 197/49/79 196/179/79
f 190/182/80 191/44/80 193/183/80 192/184/80
f 188/185/21 189/42/21 191/44/21 190/182/21
f 186/186/20 187/40/20 189/42/20 188/185/20
f 185/163/81 184/38/81 187/40/81 186/186/81
f 180/187/82 181/28/82 183/30/82 182/161/82
f 178/188/13 179/26/13 181/28/13 180/187/13
f 176/189/12 177/24/12 179/26/12 178/188/12
f 175/169/83 174/22/83 177/24/83 176/189/83
f 170/190/84 171/12/84 173/14/84 172/172/84
f 168/191/5 169/10/5 171/12/5 170/190/5
f 166/192/4 167/8/4 169/10/4 168/191/4
f 165/175/85 164/6/85 167/8/85 166/192/85
f 74/67/86 72/66/86 295/66/86 307/193/86
f 328/64/87 310/64/87 209/64/87 230/64/87 68/64/87 327/64/87 330/64/87 329/64/87
f 147/22/88 148/24/88 270/24/88 262/22/88
f 162/56/76 74/158/76 307/158/76 303/56/76
f 72/66/89 70/65/89 229/65/89 228/66/89
f 47/83/90 45/82/90 272/82/90 274/194/90
f 68/64/91 317/63/91 327/64/91
f 310/64/91 328/64/91 331/195/91
f 333/196/92 247/44/92 334/44/92
f 158/44/93 313/46/93 332/44/93
f 238/73/94 239/72/94 211/197/94 213/73/94
f 156/40/95 157/42/95 249/42/95 251/40/95
f 248/44/96 246/183/96 193/183/96 191/44/96
f 141/10/97 142/12/97 291/12/97 293/10/97
f 10/175/98 139/6/98 277/6/98 285/175/98
f 155/38/99 156/40/99 251/40/99 254/38/99
f 55/163/100 155/38/100 254/38/100 255/163/100
f 14/72/101 10/71/101 285/198/101 286/72/101
f 256/163/100 253/38/100 184/38/100 185/163/100
f 57/88/102 55/87/102 255/167/102 242/88/102
f 289/166/103 21/74/103 237/74/103 215/166/103
f 59/89/104 57/88/104 233/88/104 232/89/104
f 150/28/105 151/30/105 264/30/105 266/28/105
f 140/8/75 141/10/75 293/10/75 279/8/75
f 143/14/106 25/172/106 281/172/106 282/14/106
f 61/90/107 324/90/107 316/91/107
f 323/90/107 243/90/107 335/199/107
f 253/38/108 252/200/108 187/40/108 184/38/108
f 241/88/109 240/89/109 223/89/109 227/88/109
f 252/200/95 250/42/95 189/42/95 187/40/95
f 246/183/110 245/184/110 192/184/110 193/183/110
f 250/42/111 248/44/111 191/44/111 189/42/111
f 334/44/111 247/44/111 249/42/111 157/42/111 158/44/111 332/44/111 336/201/111
f 245/202/112 244/90/112 190/90/112 192/202/112
f 244/90/113 240/89/113 188/89/113 190/90/113
f 269/81/114 273/82/114 220/82/114 218/81/114
f 149/26/115 150/28/115 266/28/115 267/26/115
f 275/203/116 273/82/116 180/82/116 182/83/116
f 273/82/117 269/81/117 178/81/117 180/82/117
f 263/30/68 275/161/68 182/161/68 183/30/68
f 271/173/66 268/26/66 179/26/66 177/24/66
f 259/169/74 261/22/74 174/22/74 175/169/74
f 269/81/118 257/159/118 176/80/118 178/81/118
f 265/28/119 263/30/119 183/30/119 181/28/119
f 268/26/115 265/28/115 181/28/115 179/26/115
f 41/80/120 39/79/120 260/79/120 258/204/120
f 142/12/121 143/14/121 282/14/121 291/12/121
f 280/75/122 290/205/122 170/74/122 172/75/122
f 294/10/97 292/12/97 171/12/97 169/10/97
f 292/12/123 283/14/123 173/14/123 171/12/123
f 290/205/124 288/73/124 168/73/124 170/74/124
f 288/73/94 287/72/94 166/72/94 168/73/94
f 284/175/98 276/6/98 164/6/98 165/175/98
f 283/14/106 280/172/106 172/172/106 173/14/106
f 139/6/125 140/8/125 279/8/125 277/6/125
f 287/72/126 284/198/126 165/71/126 166/72/126
f 159/49/127 160/52/127 299/52/127 305/206/127 339/206/127 337/207/127 338/49/127
f 311/64/128 309/208/128 195/208/128 196/64/128
f 309/180/129 306/181/129 194/181/129 195/180/129
f 305/206/130 340/209/130 339/206/130
f 159/49/131 338/49/131 315/50/131
f 296/210/132 297/65/132 198/65/132 200/66/132
f 300/54/133 302/56/133 203/56/133 201/54/133
f 304/211/127 298/52/127 199/52/127 197/49/127
f 308/212/134 296/210/134 200/66/134 202/67/134
f 160/52/69 161/54/69 301/54/69 299/52/69
f 306/181/135 304/211/135 197/49/135 194/181/135
f 256/167/102 241/88/102 242/88/102 255/167/102
f 252/200/136 253/38/136 254/38/136 251/40/136
f 253/38/100 256/163/100 255/163/100 254/38/100
f 250/42/95 252/200/95 251/40/95 249/42/95
f 245/184/110 246/183/110 341/183/110 342/184/110
f 248/44/111 250/42/111 249/42/111 247/44/111
f 341/183/137 246/183/137 248/44/137 247/44/137 333/196/137
f 335/199/107 243/90/107 244/90/107 245/202/107 342/202/107
f 287/72/138 288/73/138 212/73/138 210/72/138
f 258/204/139 257/159/139 217/159/139 216/204/139
f 275/161/68 263/30/68 264/30/68 274/161/68
f 273/82/90 275/203/90 274/194/90 272/82/90
f 311/64/140 297/65/140 207/65/140 208/64/140
f 271/173/141 261/22/141 262/22/141 270/24/141
f 268/26/66 271/173/66 270/24/66 267/26/66
f 261/22/74 259/169/74 260/169/74 262/22/74
f 259/79/120 257/159/120 258/204/120 260/79/120
f 263/30/142 265/28/142 266/28/142 264/30/142
f 265/28/115 268/26/115 267/26/115 266/28/115
f 272/82/143 45/82/143 234/82/143 221/82/143
f 290/205/70 280/75/70 281/75/70 289/166/70
f 294/10/75 278/8/75 279/8/75 293/10/75
f 292/12/97 294/10/97 293/10/97 291/12/97
f 283/14/144 292/12/144 291/12/144 282/14/144
f 296/210/145 295/66/145 205/66/145 204/66/145
f 286/72/146 287/72/146 210/72/146 211/197/146
f 278/8/147 276/6/147 277/6/147 279/8/147
f 280/172/106 283/14/106 282/14/106 281/172/106
f 276/6/98 284/175/98 285/175/98 277/6/98
f 284/198/101 287/72/101 286/72/101 285/198/101
f 310/64/87 311/64/87 208/64/87 209/64/87
f 309/208/91 311/64/91 310/64/91 331/195/91 343/208/91
f 344/181/129 306/181/129 309/180/129 343/180/129
f 308/158/76 302/56/76 303/56/76 307/158/76
f 296/210/86 308/212/86 307/193/86 295/66/86
f 302/56/148 300/54/148 301/54/148 303/56/148
f 300/54/69 298/52/69 299/52/69 301/54/69
f 70/65/149 68/64/149 230/64/149 229/65/149
f 298/52/127 304/211/127 305/206/127 299/52/127
f 340/209/150 305/206/150 304/211/150 306/181/150 344/181/150
f 244/90/65 243/90/65 225/90/65 224/90/65
f 234/82/117 235/81/117 219/213/117 221/82/117
f 237/74/124 238/73/124 213/73/124 215/166/124
f 228/66/132 229/65/132 206/65/132 205/66/132
f 229/65/71 230/64/71 209/64/71 206/65/71
f 235/81/118 236/80/118 216/204/118 219/213/118
f 232/89/63 233/88/63 226/88/63 222/89/63
f 227/88/63 223/89/63 222/89/63 226/88/63
f 223/89/113 224/90/113 225/90/113 222/89/113
f 218/81/117 220/82/117 221/82/117 219/213/117
f 217/159/118 218/81/118 219/213/118 216/204/118
f 212/73/124 214/205/124 215/166/124 213/73/124
f 210/72/94 212/73/94 213/73/94 211/197/94
f 208/64/71 207/65/71 206/65/71 209/64/71
f 207/65/132 204/66/132 205/66/132 206/65/132
f 231/90/113 232/89/113 222/89/113 225/90/113
f 240/89/151 244/90/151 224/90/151 223/89/151
f 57/88/152 242/88/152 226/88/152 233/88/152
f 43/81/153 41/80/153 236/80/153 235/81/153
f 61/90/154 59/89/154 232/89/154 231/90/154
f 14/72/146 286/72/146 211/197/146 239/72/146
f 242/88/152 241/88/152 227/88/152 226/88/152
f 17/73/155 14/72/155 239/72/155 238/73/155
f 257/159/156 269/81/156 218/81/156 217/159/156
f 45/82/157 43/81/157 235/81/157 234/82/157
f 295/66/145 72/66/145 228/66/145 205/66/145
f 297/65/158 296/210/158 204/66/158 207/65/158
f 290/205/103 289/166/103 215/166/103 214/205/103
f 41/80/139 258/204/139 216/204/139 236/80/139
f 273/82/143 272/82/143 221/82/143 220/82/143
f 21/74/159 17/73/159 238/73/159 237/74/159
f 288/73/160 290/205/160 214/205/160 212/73/160
f 2/214/161 4/215/161 7/216/161 5/217/161
f 5/217/162 7/216/162 16/188/162 13/185/162
f 13/185/163 16/188/163 18/188/163 20/185/163
f 9/218/164 11/219/164 4/25/164 2/41/164
f 5/178/30 13/185/30 9/218/30 2/220/30
f 16/188/31 7/191/31 4/221/31 11/219/31
f 11/219/165 9/218/165 22/218/165 23/219/165
f 9/218/166 13/185/166 20/185/166 22/218/166
f 16/188/167 11/219/167 23/219/167 18/188/167
f 336/222/164 37/219/164 31/219/164 29/218/164 325/218/164 323/223/164 335/224/164 342/225/164 341/226/164 333/227/164 334/228/164
f 20/185/168 18/188/168 26/188/168 28/185/168
f 23/219/168 22/218/168 29/218/168 31/219/168
f 317/229/168 316/230/168 324/231/168 326/232/168 330/233/168 327/234/168
f 313/235/168 312/236/168 318/237/168 319/238/168 320/239/168 321/240/168 322/241/168 314/242/168 315/243/168 338/244/168 337/245/168 34/188/168 37/219/168 336/222/168 332/246/168
f 29/218/30 28/185/30 329/185/30 330/233/30 326/232/30 325/218/30
f 26/188/31 31/219/31 37/219/31 34/188/31
f 329/185/162 28/185/162 26/188/162 34/188/162 337/245/162 339/247/162 340/248/162 344/249/162 343/250/162 331/251/162 328/252/162
o Цилиндр.001
v -0.548633 0.978591 -0.096982
v -0.548633 1.155944 -0.096982
v -0.548633 1.004411 -0.202675
v -0.548633 1.100417 -0.202675
v -0.108690 0.979824 -0.090554
v -0.108690 1.147414 -0.090554
v -0.108690 1.004222 -0.190430
v -0.108690 1.094944 -0.190430
v -0.548633 1.162402 -0.001949
v -0.108690 1.153517 -0.000752
v -0.108690 0.959380 -0.000752
v -0.548633 0.956957 -0.001949
v -0.548633 0.957049 0.027874
v -0.548633 1.031333 0.101928
v -0.548633 0.958957 0.044353
v -0.548633 0.964483 0.060005
v -0.548633 0.973349 0.074046
v -0.548633 0.985111 0.085772
v -0.548633 0.999180 0.094594
v -0.548633 1.014849 0.100071
v -0.108690 1.029663 0.097407
v -0.108690 0.959468 0.027429
v -0.108690 1.014086 0.095652
v -0.108690 0.999279 0.090477
v -0.108690 0.985985 0.082140
v -0.108690 0.974870 0.071060
v -0.108690 0.966492 0.057791
v -0.108690 0.961270 0.043001
v -0.548633 1.065479 0.101928
v -0.548633 1.161557 0.011638
v -0.548633 1.083236 0.100193
v -0.548633 1.100525 0.095055
v -0.548633 1.116684 0.086711
v -0.548633 1.131091 0.075482
v -0.548633 1.143192 0.061800
v -0.548633 1.152523 0.046190
v -0.548633 1.158724 0.029252
v -0.108690 1.152719 0.012086
v -0.108690 1.061929 0.097407
v -0.108690 1.150041 0.028732
v -0.108690 1.144182 0.044737
v -0.108690 1.135365 0.059488
v -0.108690 1.123930 0.072417
v -0.108690 1.110316 0.083028
v -0.108690 1.095047 0.090912
v -0.108690 1.078708 0.095767
v -0.462097 0.991571 -0.254693
v -0.462097 1.110026 -0.254693
v -0.462097 0.959715 -0.124286
v -0.462097 1.178537 -0.124286
v -0.462097 0.933022 -0.007032
v -0.462097 1.186505 -0.007032
v -0.462097 0.933136 0.029764
v -0.462097 0.935490 0.050096
v -0.462097 0.942307 0.069408
v -0.462097 0.953247 0.086732
v -0.462097 0.967759 0.101200
v -0.462097 0.985118 0.112086
v -0.462097 1.004451 0.118843
v -0.462097 1.024790 0.121134
v -0.462097 1.185463 0.009731
v -0.462097 1.181967 0.031465
v -0.462097 1.174316 0.052363
v -0.462097 1.162804 0.071623
v -0.462097 1.147873 0.088505
v -0.462097 1.130098 0.102359
v -0.462097 1.110161 0.112654
v -0.462097 1.088828 0.118993
v -0.462097 1.066919 0.121134
v -0.199110 1.185463 0.009731
v -0.199110 1.024790 0.121134
v -0.199110 1.004451 0.118843
v -0.199110 0.985118 0.112086
v -0.199110 0.967759 0.101200
v -0.199110 0.953247 0.086732
v -0.199110 0.942307 0.069408
v -0.199110 0.935490 0.050096
v -0.199110 0.933022 -0.007032
v -0.199110 1.178537 -0.124286
v -0.199110 0.991571 -0.254693
v -0.199110 1.066919 0.121134
v -0.199110 1.088828 0.118993
v -0.199110 1.110161 0.112654
v -0.199110 1.130098 0.102359
v -0.199110 1.147873 0.088505
v -0.199110 1.162804 0.071623
v -0.199110 1.174316 0.052363
v -0.199110 1.181967 0.031465
v -0.199110 0.933136 0.029764
v -0.199110 1.186505 -0.007032
v -0.199110 0.959715 -0.124286
v -0.199110 1.110026 -0.254693
v -0.704202 1.018324 -0.184954
v -0.686481 1.004411 -0.202675
v -0.704202 1.001162 -0.114703
v -0.686481 0.978591 -0.096982
v -0.704202 0.992731 -0.079261
v -0.704202 1.139386 -0.079261
v -0.686481 1.155944 -0.096982
v -0.704202 1.126616 -0.114703
v -0.686481 1.100417 -0.202675
v -0.704202 1.089709 -0.184954
v -0.686481 1.162402 -0.001949
v -0.686481 0.956957 -0.001949
v -0.686481 0.958957 0.044353
v -0.686481 0.957049 0.027874
v -0.686481 0.964483 0.060005
v -0.686481 0.973349 0.074046
v -0.686481 0.985111 0.085772
v -0.686481 0.999180 0.094594
v -0.686481 1.014849 0.100071
v -0.686481 1.031333 0.101928
v -0.686481 1.161557 0.011638
v -0.686481 1.158724 0.029252
v -0.686481 1.152523 0.046190
v -0.686481 1.143192 0.061800
v -0.686481 1.131091 0.075482
v -0.686481 1.116684 0.086711
v -0.686481 1.100525 0.095055
v -0.686481 1.083236 0.100193
v -0.686481 1.065479 0.101928
v -0.035479 1.056028 0.081217
v -0.880868 1.056028 0.081217
v -0.035479 1.071872 0.079657
v -0.880868 1.071872 0.079657
v -0.035479 1.087108 0.075035
v -0.880868 1.087108 0.075035
v -0.035479 1.101149 0.067530
v -0.880868 1.101149 0.067530
v -0.035479 1.113457 0.057429
v -0.880868 1.113457 0.057429
v -0.035479 1.123557 0.045122
v -0.880868 1.123557 0.045122
v -0.035479 1.131063 0.031081
v -0.880868 1.131063 0.031081
v -0.035479 1.135684 0.015845
v -0.880868 1.135684 0.015845
v -0.035479 1.137245 0.000000
v -0.880868 1.137245 0.000000
v -0.035479 1.135684 -0.015845
v -0.880868 1.135684 -0.015845
v -0.035479 1.131063 -0.031080
v -0.880868 1.131063 -0.031080
v -0.035479 1.123557 -0.045122
v -0.880868 1.123557 -0.045122
v -0.035479 1.113457 -0.057429
v -0.880868 1.113457 -0.057429
v -0.035479 1.101149 -0.067530
v -0.880868 1.101149 -0.067530
v -0.035479 1.087108 -0.075035
v -0.880868 1.087108 -0.075035
v -0.035479 1.071872 -0.079657
v -0.880868 1.071872 -0.079657
v -0.035479 1.056028 -0.081217
v -0.880868 1.056028 -0.081217
v -0.035479 1.040183 -0.079657
v -0.880868 1.040183 -0.079657
v -0.035479 1.024947 -0.075035
v -0.880868 1.024947 -0.075035
v -0.035479 1.010906 -0.067530
v -0.880868 1.010906 -0.067530
v -0.035479 0.998598 -0.057429
v -0.880868 0.998598 -0.057429
v -0.035479 0.988498 -0.045122
v -0.880868 0.988498 -0.045122
v -0.035479 0.980993 -0.031080
v -0.880868 0.980993 -0.031080
v -0.035479 0.976371 -0.015845
v -0.880868 0.976371 -0.015845
v -0.035479 0.974810 0.000000
v -0.880868 0.974810 0.000000
v -0.035479 0.976371 0.015845
v -0.880868 0.976371 0.015845
v -0.035479 0.980993 0.031081
v -0.880868 0.980993 0.031081
v -0.035479 0.988498 0.045122
v -0.880868 0.988498 0.045122
v -0.035479 0.998598 0.057429
v -0.880868 0.998598 0.057429
v -0.035479 1.010906 0.067530
v -0.880868 1.010906 0.067530
v -0.035479 1.024947 0.075035
v -0.880868 1.024947 0.075035
v -0.035479 1.040183 0.079657
v -0.880868 1.040183 0.079657
v -0.035479 1.056028 0.094521
v -0.035479 1.074468 0.092705
v -0.035479 1.092199 0.087326
v -0.035479 1.108541 0.078591
v -0.035479 1.122864 0.066836
v -0.035479 1.134619 0.052513
v -0.035479 1.143353 0.036172
v -0.035479 1.148732 0.018440
v -0.035479 1.150548 0.000000
v -0.035479 1.148732 -0.018440
v -0.035479 1.143353 -0.036171
v -0.035479 1.134619 -0.052513
v -0.035479 1.122864 -0.066836
v -0.035479 1.108541 -0.078591
v -0.035479 1.092199 -0.087326
v -0.035479 1.074468 -0.092704
v -0.035479 1.056028 -0.094521
v -0.035479 1.037587 -0.092704
v -0.035479 1.019856 -0.087326
v -0.035479 1.003515 -0.078591
v -0.035479 0.989191 -0.066836
v -0.035479 0.977436 -0.052513
v -0.035479 0.968702 -0.036171
v -0.035479 0.963323 -0.018440
v -0.035479 0.961507 0.000000
v -0.035479 0.963323 0.018440
v -0.035479 0.968702 0.036172
v -0.035479 0.977436 0.052513
v -0.035479 0.989191 0.066836
v -0.035479 1.003515 0.078591
v -0.035479 1.019856 0.087326
v -0.035479 1.037587 0.092705
v -0.009925 1.056028 0.094521
v -0.009925 1.074468 0.092705
v -0.009925 1.092199 0.087326
v -0.009925 1.108541 0.078591
v -0.009925 1.122864 0.066836
v -0.009925 1.134619 0.052513
v -0.009925 1.143353 0.036172
v -0.009925 1.148732 0.018440
v -0.009925 1.150548 0.000000
v -0.009925 1.148732 -0.018440
v -0.009925 1.143353 -0.036171
v -0.009925 1.134619 -0.052513
v -0.009925 1.122864 -0.066836
v -0.009925 1.108541 -0.078591
v -0.009925 1.092199 -0.087326
v -0.009925 1.074468 -0.092704
v -0.009925 1.056028 -0.094521
v -0.009925 1.037587 -0.092704
v -0.009925 1.019856 -0.087326
v -0.009925 1.003515 -0.078591
v -0.009925 0.989191 -0.066836
v -0.009925 0.977436 -0.052513
v -0.009925 0.968702 -0.036171
v -0.009925 0.963323 -0.018440
v -0.009925 0.961507 0.000000
v -0.009925 0.963323 0.018440
v -0.009925 0.968702 0.036172
v -0.009925 0.977436 0.052513
v -0.009925 0.989191 0.066836
v -0.009925 1.003515 0.078591
v -0.009925 1.019856 0.087326
v -0.009925 1.037587 0.092705
v -0.075398 1.056028 0.081217
v -0.075398 1.071872 0.079657
v -0.075398 1.087108 0.075035
v -0.075398 1.101149 0.067530
v -0.075398 1.113457 0.057429
v -0.075398 1.123557 0.045122
v -0.075398 1.131063 0.031081
v -0.075398 1.135684 0.015845
v -0.075398 1.137245 0.000000
v -0.075398 1.135684 -0.015845
v -0.075398 1.131063 -0.031080
v -0.075398 1.123557 -0.045122
v -0.075398 1.113457 -0.057429
v -0.075398 1.101149 -0.067530
v -0.075398 1.087108 -0.075035
v -0.075398 1.071872 -0.079657
v -0.075398 1.056028 -0.081217
v -0.075398 1.040183 -0.079657
v -0.075398 1.024947 -0.075035
v -0.075398 1.010906 -0.067530
v -0.075398 0.998598 -0.057429
v -0.075398 0.988498 -0.045122
v -0.075398 0.980993 -0.031080
v -0.075398 0.976371 -0.015845
v -0.075398 0.974810 0.000000
v -0.075398 0.976371 0.015845
v -0.075398 0.980993 0.031081
v -0.075398 0.988498 0.045122
v -0.075398 0.998598 0.057429
v -0.075398 1.010906 0.067530
v -0.075398 1.024947 0.075035
v -0.075398 1.040183 0.079657
v -0.075398 1.056028 0.093836
v -0.075398 1.074334 0.092033
v -0.075398 1.091937 0.086693
v -0.075398 1.108160 0.078022
v -0.075398 1.122379 0.066352
v -0.075398 1.134049 0.052132
v -0.075398 1.142720 0.035909
v -0.075398 1.148060 0.018307
v -0.075398 1.149863 0.000000
v -0.075398 1.148060 -0.018306
v -0.075398 1.142720 -0.035909
v -0.075398 1.134049 -0.052132
v -0.075398 1.122379 -0.066352
v -0.075398 1.108160 -0.078021
v -0.075398 1.091937 -0.086693
v -0.075398 1.074334 -0.092032
v -0.075398 1.056028 -0.093835
v -0.075398 1.037721 -0.092032
v -0.075398 1.020118 -0.086693
v -0.075398 1.003895 -0.078021
v -0.075398 0.989676 -0.066352
v -0.075398 0.978006 -0.052132
v -0.075398 0.969335 -0.035909
v -0.075398 0.963995 -0.018306
v -0.075398 0.962192 0.000000
v -0.075398 0.963995 0.018307
v -0.075398 0.969335 0.035909
v -0.075398 0.978006 0.052132
v -0.075398 0.989676 0.066352
v -0.075398 1.003895 0.078022
v -0.075398 1.020118 0.086693
v -0.075398 1.037721 0.092033
v -0.754108 1.039945 0.080855
v -0.754108 1.056028 0.082439
v -0.754108 1.072110 0.080855
v -0.754108 1.087575 0.076163
v -0.754108 1.101828 0.068545
v -0.754108 1.114320 0.058293
v -0.754108 1.124573 0.045800
v -0.754108 1.132191 0.031548
v -0.754108 1.136882 0.016083
v -0.754108 1.138466 0.000000
v -0.754108 1.136882 -0.016083
v -0.754108 1.132191 -0.031548
v -0.754108 1.124573 -0.045800
v -0.754108 1.114320 -0.058293
v -0.754108 1.101828 -0.068545
v -0.754108 1.087575 -0.076163
v -0.754108 1.072110 -0.080854
v -0.754108 1.056028 -0.082438
v -0.754108 1.039945 -0.080854
v -0.754108 1.024480 -0.076163
v -0.754108 1.010227 -0.068545
v -0.754108 0.997735 -0.058293
v -0.754108 0.987482 -0.045800
v -0.754108 0.979864 -0.031548
v -0.754108 0.975173 -0.016083
v -0.754108 0.973589 0.000000
v -0.754108 0.975173 0.016083
v -0.754108 0.979864 0.031548
v -0.754108 0.987482 0.045800
v -0.754108 0.997735 0.058293
v -0.754108 1.010227 0.068545
v -0.754108 1.024480 0.076163
v -0.745617 0.989500 -0.066527
v -0.745617 1.003757 0.078228
v -0.745617 1.108298 0.078228
v -0.745617 1.122555 -0.066527
v -0.745617 0.977799 -0.052270
v -0.745617 1.020023 0.086922
v -0.745617 1.122555 0.066528
v -0.745617 1.108298 -0.078228
v -0.745617 0.969105 -0.036004
v -0.745617 0.963751 -0.018355
v -0.745617 1.134256 0.052270
v -0.745617 1.142950 0.036005
v -0.745617 1.056028 0.094084
v -0.745617 1.092032 -0.086922
v -0.745617 1.074382 -0.092276
v -0.745617 1.134256 -0.052270
v -0.745617 1.092032 0.086922
v -0.745617 0.989500 0.066528
v -0.745617 1.003757 -0.078228
v -0.745617 1.142950 -0.036004
v -0.745617 1.074382 0.092276
v -0.745617 0.977799 0.052270
v -0.745617 1.020023 -0.086922
v -0.745617 1.148304 -0.018355
v -0.745617 0.969105 0.036005
v -0.745617 1.037673 -0.092276
v -0.745617 1.150112 0.000000
v -0.745617 0.963751 0.018355
v -0.745617 1.056028 -0.094084
v -0.745617 1.148304 0.018355
v -0.745617 0.961943 0.000000
v -0.745617 1.037673 0.092276
v -0.696152 1.037676 0.092257
v -0.697881 1.031973 0.090528
v -0.696652 1.081275 0.090165
v -0.704202 0.989903 -0.066837
v -0.704202 1.122543 -0.066516
v -0.704202 1.134242 -0.052261
v -0.704202 1.108289 -0.078214
v -0.704202 1.106331 -0.079261
v -0.704202 1.142237 -0.037302
v -0.704202 1.005724 -0.079261
v -0.704202 1.003766 -0.078214
v -0.699584 1.145987 0.025929
v -0.698518 1.148285 0.018351
v -0.699017 1.149084 0.010250
v -0.699699 1.140539 0.040477
v -0.698991 1.142933 0.035997
v -0.700144 1.020030 0.086906
v -0.700958 1.018088 0.085868
v -0.695923 0.966490 0.027315
v -0.691805 0.962297 0.003375
v -0.693233 0.963772 0.018351
v -0.695241 1.074378 0.092257
v -0.695234 1.065052 0.093175
v -0.694345 1.056028 0.094064
v -0.699029 1.149049 0.010599
v -0.699060 1.134240 0.052260
v -0.699418 1.132705 0.054131
v -0.698830 1.122599 0.066445
v -0.698810 1.122542 0.066514
v -0.698409 1.110226 0.076621
v -0.697692 1.096320 0.084609
v -0.697885 1.108287 0.078212
v -0.696716 1.092024 0.086905
v -0.702795 1.003767 0.078214
v -0.704049 0.996117 0.071937
v -0.703001 1.006383 0.079613
v -0.703646 0.986833 0.063251
v -0.703225 0.989512 0.066516
v -0.702035 0.978567 0.053179
v -0.699345 1.148634 -0.014813
v -0.698021 1.150093 0.000000
v -0.701630 0.977814 0.052261
v -0.690985 0.962601 -0.006452
v -0.691137 0.961965 0.000000
v -0.697540 0.969123 0.035997
v -0.699762 0.971978 0.041341
v -0.699453 1.148286 -0.018351
v -0.703595 1.142934 -0.035998
v -0.704202 1.092026 -0.086907
v -0.704202 1.074379 -0.092260
v -0.704202 1.056028 -0.094067
v -0.704202 1.037676 -0.092260
v -0.704202 1.020029 -0.086907
v -0.703892 0.989512 -0.066516
v -0.689487 0.963773 -0.018350
v -0.690789 0.969125 -0.035996
v -0.695653 0.977816 -0.052259
v -0.108690 1.056028 0.093836
v -0.108690 1.037721 0.092033
v -0.108690 1.074334 0.092033
v -0.108690 1.108160 0.078022
v -0.108690 1.148060 0.018307
v -0.108690 1.122379 0.066352
v -0.108690 0.962192 0.000000
v -0.108690 0.963995 0.018307
v -0.108690 1.020118 0.086693
v -0.108690 0.969335 0.035909
v -0.108690 0.978006 0.052132
v -0.108690 1.003895 0.078022
v -0.108690 0.989676 0.066352
v -0.108690 1.142720 0.035909
v -0.108690 1.134049 0.052132
v -0.108690 1.091937 0.086693
v -0.108690 1.149863 0.000000
v -0.108690 1.149789 -0.000752
v -0.108690 0.962266 -0.000752
v -0.108690 1.122379 -0.066352
v -0.108690 1.108160 -0.078021
v -0.108690 1.091937 -0.086693
v -0.108690 1.079206 -0.090554
v -0.108690 1.148060 -0.018306
v -0.108690 1.142720 -0.035909
v -0.108690 1.134049 -0.052132
v -0.108690 1.020118 -0.086693
v -0.108690 1.032849 -0.090554
v -0.108690 0.978006 -0.052132
v -0.108690 0.969335 -0.035909
v -0.108690 0.963995 -0.018306
v -0.108690 0.989676 -0.066352
v -0.108690 1.003895 -0.078021
v -0.108690 1.074334 -0.092032
v -0.108690 1.056028 -0.093835
v -0.108690 1.037721 -0.092032
vn -1.0000 -0.0000 -0.0000
vn 0.5793 -0.0000 -0.8151
vn 1.0000 -0.0000 -0.0000
vn -0.0000 0.7491 0.6625
vn 0.2914 -0.9293 -0.2270
vn -0.3535 0.8281 -0.4351
vn 0.2797 -0.9601 0.0030
vn -0.2646 0.9625 0.0598
vn 0.2870 -0.9340 -0.2126
vn -0.2713 0.9603 -0.0653
vn 0.2805 -0.9535 0.1104
vn 0.2829 -0.9044 0.3193
vn 0.2827 -0.8110 0.5121
vn 0.2799 -0.6778 0.6799
vn 0.2747 -0.5109 0.8146
vn 0.2672 -0.3180 0.9097
vn 0.2578 -0.1081 0.9601
vn -0.2600 0.9534 0.1534
vn -0.2526 0.9086 0.3326
vn -0.2451 0.8322 0.4974
vn -0.2379 0.7276 0.6435
vn -0.2315 0.5980 0.7673
vn -0.2258 0.4470 0.8656
vn -0.2211 0.2778 0.9349
vn -0.2172 0.0949 0.9715
vn -0.2167 -0.0000 0.9762
vn -0.0000 -0.0000 1.0000
vn -0.0000 0.0972 0.9953
vn -0.0000 0.2849 0.9586
vn -0.0000 0.4588 0.8885
vn -0.0000 0.6147 0.7887
vn -0.0000 0.8584 0.5131
vn -0.0000 0.9390 0.3438
vn -0.0000 0.9873 0.1588
vn -0.2232 -0.1091 0.9686
vn -0.2374 -0.3205 0.9170
vn -0.2494 -0.5145 0.8204
vn -0.2587 -0.6820 0.6841
vn -0.2649 -0.8153 0.5148
vn -0.2677 -0.9086 0.3207
vn -0.2670 -0.9573 0.1108
vn -0.0000 0.9977 -0.0678
vn -0.2721 -0.9383 -0.2136
vn -0.0000 0.9981 0.0621
vn -0.2664 -0.9639 0.0030
vn -0.0000 0.8853 -0.4651
vn -0.2757 -0.9338 -0.2281
vn -0.5152 -0.0000 -0.8571
vn -0.0000 -0.9751 -0.2220
vn 0.4314 0.7986 -0.4196
vn -0.0000 -0.5313 0.8472
vn -0.0000 -0.8455 0.5339
vn -0.0000 -0.9714 -0.2373
vn -0.0000 -0.3300 0.9440
vn -0.0000 -0.7060 0.7082
vn -0.0000 -0.9934 0.1150
vn -0.0000 -0.9430 0.3329
vn -0.0000 -1.0000 0.0031
vn -0.0000 -0.1119 0.9937
vn -0.7098 -0.6853 -0.1630
vn -0.7729 0.5970 -0.2151
vn -0.7458 -0.6610 -0.0827
vn -0.7071 -0.6869 -0.1678
vn -0.7071 0.6260 -0.3289
vn -0.7071 -0.0000 -0.7071
vn -0.7071 0.7055 -0.0479
vn -0.7071 -0.6895 -0.1570
vn -0.7071 -0.7071 0.0022
vn -0.0000 -0.0000 -1.0000
vn 0.3386 0.9391 0.0584
vn 0.3459 0.9361 -0.0636
vn 0.3332 0.9309 0.1497
vn 0.3236 0.8885 0.3253
vn 0.3128 0.8153 0.4873
vn 0.3015 0.7142 0.6317
vn 0.2901 0.5883 0.7548
vn 0.2788 0.4406 0.8533
vn 0.2679 0.2744 0.9235
vn 0.2575 0.0940 0.9617
vn 0.2538 -0.0000 0.9673
vn -0.0000 -0.0980 0.9952
vn -0.0000 0.4714 0.8819
vn -0.0000 0.6344 0.7730
vn -0.0000 0.7730 0.6344
vn -0.0000 0.8819 0.4714
vn -0.0000 0.9569 0.2903
vn -0.0000 0.9952 0.0980
vn -0.0000 0.9952 -0.0980
vn -0.0000 0.9569 -0.2903
vn -0.0000 0.8819 -0.4714
vn -0.0000 0.7730 -0.6344
vn -0.0000 0.6344 -0.7730
vn -0.0000 0.4714 -0.8819
vn -0.0000 0.2903 -0.9569
vn -0.0000 0.0980 -0.9952
vn -0.0000 -0.0980 -0.9952
vn -0.0000 -0.2903 -0.9569
vn -0.0000 -0.4714 -0.8819
vn -0.0000 -0.6344 -0.7730
vn -0.0000 -0.7730 -0.6344
vn -0.0000 -0.8819 -0.4714
vn -0.0000 -0.9569 -0.2903
vn -0.0000 -0.9952 -0.0980
vn -0.0000 -0.9952 0.0980
vn -0.0000 -0.9569 0.2903
vn -0.0000 -0.8819 0.4714
vn -0.0000 -0.7730 0.6344
vn -0.0000 -0.6344 0.7730
vn -0.0000 -0.4714 0.8819
vn -0.0000 -0.2903 0.9569
vn -0.0000 0.0980 0.9952
vn -0.0000 0.2903 0.9569
vn -0.0096 -0.2903 0.9569
vn -0.0096 -0.4714 0.8819
vn -0.0096 -0.6344 0.7730
vn -0.0096 -0.7730 0.6344
vn -0.0096 -0.8819 0.4714
vn -0.0096 -0.9569 0.2903
vn -0.0096 -0.9951 0.0980
vn -0.0096 -0.9951 -0.0980
vn -0.0096 -0.9569 -0.2903
vn -0.0096 -0.8819 -0.4714
vn -0.0096 -0.7730 -0.6344
vn -0.0096 -0.6344 -0.7730
vn -0.0096 -0.4714 -0.8819
vn -0.0096 -0.2903 -0.9569
vn -0.0096 -0.0980 -0.9951
vn -0.0096 0.0980 -0.9951
vn -0.0096 0.2903 -0.9569
vn -0.0096 0.4714 -0.8819
vn -0.0096 0.6344 -0.7730
vn -0.0096 0.7730 -0.6344
vn -0.0096 0.8819 -0.4714
vn -0.0096 0.9569 -0.2903
vn -0.0096 0.9951 -0.0980
vn -0.0096 0.9951 0.0980
vn -0.0096 0.9569 0.2903
vn -0.0096 0.8819 0.4714
vn -0.0096 0.7730 0.6344
vn -0.0096 0.6344 0.7730
vn -0.0096 0.4714 0.8819
vn -0.0096 0.2903 0.9569
vn -0.0096 0.0980 0.9951
vn -0.0096 -0.0980 0.9951
vn -0.8067 -0.1716 0.5656
vn 0.0004 0.0980 0.9952
vn 0.0004 0.2903 0.9569
vn 0.0004 0.4714 0.8819
vn 0.0004 0.6344 0.7730
vn 0.0004 0.7730 0.6344
vn 0.0004 0.8819 0.4714
vn 0.0004 0.9569 0.2903
vn 0.0004 0.9952 0.0980
vn 0.0004 0.9952 -0.0980
vn 0.0004 0.9569 -0.2903
vn 0.0004 0.8819 -0.4714
vn 0.0004 0.7730 -0.6344
vn 0.0004 0.6344 -0.7730
vn 0.0004 0.4714 -0.8819
vn 0.0004 0.2903 -0.9569
vn 0.0004 0.0980 -0.9952
vn 0.0004 -0.0980 -0.9952
vn 0.0004 -0.2903 -0.9569
vn 0.0004 -0.4714 -0.8819
vn 0.0004 -0.6344 -0.7730
vn 0.0004 -0.7730 -0.6344
vn 0.0004 -0.8819 -0.4714
vn 0.0004 -0.9569 -0.2903
vn 0.0004 -0.9952 -0.0980
vn 0.0004 -0.9952 0.0980
vn 0.0004 -0.9569 0.2903
vn 0.0004 -0.8819 0.4714
vn 0.0004 -0.7730 0.6344
vn 0.0004 -0.6344 0.7730
vn 0.0004 -0.4714 0.8819
vn 0.0004 -0.0980 0.9952
vn -0.8067 -0.0579 0.5882
vn -0.8067 -0.2786 0.5212
vn -0.8067 -0.3749 0.4569
vn -0.8067 -0.4569 0.3749
vn -0.8067 -0.5212 0.2786
vn -0.8067 -0.5656 0.1716
vn -0.8067 -0.5882 0.0579
vn -0.8067 -0.5882 -0.0579
vn -0.8067 -0.5656 -0.1716
vn -0.8067 -0.5212 -0.2786
vn -0.8067 -0.4569 -0.3749
vn -0.8067 -0.3749 -0.4569
vn -0.8067 -0.2786 -0.5212
vn -0.8067 -0.1716 -0.5656
vn -0.8067 -0.0579 -0.5882
vn -0.8067 0.0579 -0.5882
vn -0.8067 0.1716 -0.5656
vn -0.8067 0.2786 -0.5212
vn -0.8067 0.3749 -0.4569
vn -0.8067 0.4569 -0.3749
vn -0.8067 0.5212 -0.2786
vn -0.8067 0.5656 -0.1716
vn -0.8067 0.5882 -0.0579
vn -0.8067 0.5882 0.0579
vn -0.8067 0.5656 0.1716
vn -0.8067 0.5212 0.2786
vn -0.8067 0.4569 0.3749
vn -0.8067 0.3749 0.4569
vn -0.8067 0.2786 0.5212
vn -0.8067 0.1716 0.5656
vn -0.8067 0.0579 0.5882
vn -0.7071 -0.0791 0.7027
vn -0.7297 0.6838 -0.0021
vn -0.7071 0.7057 0.0439
vn -0.7071 0.4347 0.5577
vn -0.7071 -0.5979 0.3775
vn 0.0004 -0.2903 0.9569
vn -0.7071 0.6640 0.2431
vn -0.7071 -0.0000 0.7071
vn -0.7071 0.2014 0.6778
vn -0.7071 0.3244 0.6283
vn -0.7071 0.6070 0.3628
vn -0.7071 -0.2333 0.6675
vn -0.7071 -0.6668 0.2354
vn -0.7071 0.0688 0.7038
vn -0.7071 -0.4992 0.5008
vn -0.7071 -0.7024 0.0813
vn -0.7071 0.5297 0.4685
vn -0.7071 0.6981 0.1123
vn -0.7071 -0.3757 0.5991
vt 0.601080 0.000000
vt 0.602058 0.000000
vt 0.592578 0.000000
vt 0.577739 0.000000
vt 0.558317 0.000000
vt 0.555593 0.000000
vt 0.375000 0.446796
vt 0.375000 0.500000
vt 0.625000 0.500000
vt 0.625000 0.446796
vt 0.375000 0.750000
vt 0.454099 0.750000
vt 0.461582 0.746300
vt 0.489473 0.741787
vt 0.516485 0.746300
vt 0.523252 0.750000
vt 0.625000 0.750000
vt 0.875000 0.750000
vt 0.321796 0.500000
vt 0.321796 0.750000
vt 0.832949 0.500000
vt 0.832949 0.750000
vt 0.875000 0.500000
vt 0.321796 0.750000
vt 0.375000 0.750000
vt 0.832949 0.750000
vt 0.832949 0.750000
vt 0.404238 0.041916
vt 0.414305 0.208084
vt 0.584010 0.208084
vt 0.594244 0.041916
vt 0.378717 0.750000
vt 0.375836 0.750000
vt 0.377654 0.750000
vt 0.384505 0.750000
vt 0.396430 0.750000
vt 0.413723 0.750000
vt 0.435814 0.750000
vt 0.321796 0.750000
vt 0.375000 0.803204
vt 0.427728 0.803204
vt 0.427728 0.750000
vt 0.447446 0.803204
vt 0.447446 0.750000
vt 0.468190 0.803204
vt 0.468190 0.750000
vt 0.377296 0.750000
vt 0.384086 0.750000
vt 0.395079 0.750000
vt 0.409819 0.750000
vt 0.427586 0.750000
vt 0.447400 0.750000
vt 0.511159 0.750000
vt 0.533427 0.750000
vt 0.554921 0.750000
vt 0.574745 0.750000
vt 0.592046 0.750000
vt 0.606116 0.750000
vt 0.616492 0.750000
vt 0.622855 0.750000
vt 0.620200 0.750000
vt 0.620345 0.750000
vt 0.619435 0.750000
vt 0.613880 0.750000
vt 0.603821 0.750000
vt 0.589567 0.750000
vt 0.571578 0.750000
vt 0.550566 0.750000
vt 0.527436 0.750000
vt 0.503161 0.750000
vt 0.478743 0.750000
vt 0.455193 0.750000
vt 0.433497 0.750000
vt 0.414575 0.750000
vt 0.399188 0.750000
vt 0.387857 0.750000
vt 0.380939 0.750000
vt 0.378628 0.750000
vt 0.625000 0.957949
vt 0.575596 0.957949
vt 0.575596 1.000000
vt 0.625000 1.000000
vt 0.555262 0.957949
vt 0.555262 1.000000
vt 0.533504 0.957949
vt 0.533504 1.000000
vt 0.511159 0.957949
vt 0.511159 1.000000
vt 0.468190 0.957949
vt 0.468190 1.000000
vt 0.511159 0.803204
vt 0.533504 0.803204
vt 0.555262 0.803204
vt 0.575596 0.803204
vt 0.625000 0.803204
vt 0.678204 0.750000
vt 0.678204 0.750000
vt 0.678204 0.750000
vt 0.447446 1.000000
vt 0.447446 0.957949
vt 0.427728 1.000000
vt 0.427728 0.957949
vt 0.375000 1.000000
vt 0.375000 0.957949
vt 0.125000 0.750000
vt 0.167051 0.750000
vt 0.125000 0.750000
vt 0.678204 0.750000
vt 0.167051 0.750000
vt 0.678204 0.500000
vt 0.125000 0.500000
vt 0.167051 0.500000
vt 0.375000 0.250000
vt 0.375000 0.292051
vt 0.625000 0.292051
vt 0.625000 0.250000
vt 0.406817 0.000000
vt 0.399273 0.000000
vt 0.375000 0.000000
vt 0.583660 0.000000
vt 0.625000 0.000000
vt 0.381868 0.000000
vt 0.381120 0.000000
vt 0.381539 0.000000
vt 0.375000 0.000000
vt 0.537124 0.009043
vt 0.512890 0.015374
vt 0.486781 0.017511
vt 0.460587 0.015374
vt 0.436094 0.009043
vt 0.417152 0.000000
vt 0.608645 0.000000
vt 0.608486 0.000000
vt 0.602875 0.000000
vt 0.398982 0.000000
vt 0.398554 0.000000
vt 0.387213 0.000000
vt 0.380652 0.000000
vt 0.378903 0.000000
vt 0.380814 0.000000
vt 0.383304 0.000000
vt 0.386631 0.000000
vt 0.575596 0.750000
vt 0.555262 0.750000
vt 0.533504 0.750000
vt 0.031250 0.500000
vt 0.031250 0.518574
vt 0.000000 0.518574
vt 0.000000 0.500000
vt 0.937500 0.500000
vt 0.937500 0.518574
vt 0.906250 0.518574
vt 0.906250 0.500000
vt 0.875000 0.518574
vt 0.843750 0.518574
vt 0.843750 0.500000
vt 0.812500 0.518574
vt 0.812500 0.500000
vt 0.781250 0.518574
vt 0.781250 0.500000
vt 0.750000 0.518574
vt 0.750000 0.500000
vt 0.718750 0.518574
vt 0.718750 0.500000
vt 0.687500 0.518574
vt 0.687500 0.500000
vt 0.656250 0.518574
vt 0.656250 0.500000
vt 0.625000 0.518574
vt 0.593750 0.518574
vt 0.593750 0.500000
vt 0.562500 0.518574
vt 0.562500 0.500000
vt 0.531250 0.518574
vt 0.531250 0.500000
vt 0.500000 0.518574
vt 0.500000 0.500000
vt 0.468750 0.518574
vt 0.468750 0.500000
vt 0.437500 0.518574
vt 0.437500 0.500000
vt 0.406250 0.518574
vt 0.406250 0.500000
vt 0.375000 0.518574
vt 0.343750 0.518574
vt 0.343750 0.500000
vt 0.312500 0.518574
vt 0.312500 0.500000
vt 0.281250 0.518574
vt 0.281250 0.500000
vt 0.250000 0.518574
vt 0.250000 0.500000
vt 0.218750 0.518574
vt 0.218750 0.500000
vt 0.187500 0.518574
vt 0.187500 0.500000
vt 0.156250 0.518574
vt 0.156250 0.500000
vt 0.125000 0.518574
vt 0.093750 0.518574
vt 0.093750 0.500000
vt 0.062500 0.518574
vt 0.062500 0.500000
vt 0.296822 0.485388
vt 0.250000 0.490000
vt 0.203178 0.485388
vt 0.158156 0.471731
vt 0.116663 0.449553
vt 0.080294 0.419706
vt 0.050447 0.383337
vt 0.028269 0.341844
vt 0.014612 0.296822
vt 0.010000 0.250000
vt 0.014612 0.203178
vt 0.028269 0.158156
vt 0.050447 0.116663
vt 0.080294 0.080294
vt 0.116663 0.050447
vt 0.158156 0.028269
vt 0.203178 0.014612
vt 0.250000 0.010000
vt 0.296822 0.014612
vt 0.341844 0.028269
vt 0.383337 0.050447
vt 0.419706 0.080294
vt 0.449553 0.116663
vt 0.471731 0.158156
vt 0.485388 0.203178
vt 0.490000 0.250000
vt 0.485388 0.296822
vt 0.471731 0.341844
vt 0.449553 0.383337
vt 0.419706 0.419706
vt 0.383337 0.449553
vt 0.341844 0.471731
vt 1.000000 0.500000
vt 1.000000 0.518574
vt 0.968750 0.518574
vt 0.968750 0.500000
vt 0.750000 0.490000
vt 0.796822 0.485388
vt 0.841844 0.471731
vt 0.883337 0.449553
vt 0.919706 0.419706
vt 0.949553 0.383337
vt 0.971731 0.341844
vt 0.985388 0.296822
vt 0.990000 0.250000
vt 0.985388 0.203178
vt 0.971731 0.158156
vt 0.949553 0.116663
vt 0.919706 0.080294
vt 0.883337 0.050447
vt 0.841844 0.028269
vt 0.796822 0.014612
vt 0.750000 0.010000
vt 0.703178 0.014612
vt 0.658156 0.028269
vt 0.616663 0.050447
vt 0.580294 0.080294
vt 0.550447 0.116663
vt 0.528269 0.158156
vt 0.514612 0.203178
vt 0.510000 0.250000
vt 0.514612 0.296822
vt 0.528269 0.341844
vt 0.550447 0.383337
vt 0.580294 0.419706
vt 0.616663 0.449553
vt 0.658156 0.471731
vt 0.703178 0.485388
vt 0.062500 0.908387
vt 0.062500 1.000000
vt 0.031250 1.000000
vt 0.031250 0.908386
vt 0.093750 0.908387
vt 0.093750 1.000000
vt 0.125000 0.908386
vt 0.125000 1.000000
vt 0.156250 0.908387
vt 0.156250 1.000000
vt 0.187500 0.908387
vt 0.187500 1.000000
vt 0.218750 0.908387
vt 0.218750 1.000000
vt 0.250000 0.908387
vt 0.250000 1.000000
vt 0.281250 0.908387
vt 0.281250 1.000000
vt 0.312500 0.908387
vt 0.312500 1.000000
vt 0.343750 0.908386
vt 0.343750 1.000000
vt 0.375000 0.908387
vt 0.406250 0.908386
vt 0.406250 1.000000
vt 0.437500 0.908387
vt 0.437500 1.000000
vt 0.468750 0.908387
vt 0.468750 1.000000
vt 0.500000 0.908387
vt 0.500000 1.000000
vt 0.531250 0.908386
vt 0.531250 1.000000
vt 0.562500 0.908387
vt 0.562500 1.000000
vt 0.593750 0.908387
vt 0.593750 1.000000
vt 0.625000 0.908387
vt 0.656250 0.908387
vt 0.656250 1.000000
vt 0.687500 0.908387
vt 0.687500 1.000000
vt 0.718750 0.908387
vt 0.718750 1.000000
vt 0.750000 0.908387
vt 0.750000 1.000000
vt 0.781250 0.908387
vt 0.781250 1.000000
vt 0.812500 0.908387
vt 0.812500 1.000000
vt 0.843750 0.908386
vt 0.843750 1.000000
vt 0.875000 0.908387
vt 0.875000 1.000000
vt 0.906250 0.908387
vt 0.906250 1.000000
vt 0.937500 0.908387
vt 0.937500 1.000000
vt 0.968750 0.908387
vt 0.968750 1.000000
vt 1.000000 0.908387
vt 1.000000 1.000000
vt 0.656250 0.518574
vt 0.000000 1.000000
vt 0.000000 0.908387
vt 0.968750 0.518574
vt 0.031250 0.903485
vt 0.062500 0.903485
vt 0.968750 0.903485
vt 0.968750 0.874406
vt 0.984632 0.874402
vt 1.000000 0.873889
vt 1.000000 0.903485
vt 0.937500 0.903485
vt 0.937500 0.875258
vt 0.956538 0.875221
vt 0.906250 0.903485
vt 0.906250 0.875933
vt 0.929246 0.875821
vt 0.875000 0.903485
vt 0.875000 0.876467
vt 0.901999 0.876235
vt 0.843750 0.903485
vt 0.843750 0.876611
vt 0.847851 0.876817
vt 0.874849 0.876478
vt 0.812500 0.903485
vt 0.812500 0.876571
vt 0.821108 0.876979
vt 0.781250 0.903485
vt 0.781250 0.876298
vt 0.794670 0.876913
vt 0.750000 0.903485
vt 0.750000 0.876011
vt 0.768049 0.876593
vt 0.767454 0.876586
vt 0.718750 0.903485
vt 0.718750 0.876837
vt 0.724776 0.876775
vt 0.687500 0.903485
vt 0.687500 0.879229
vt 0.656250 0.903485
vt 0.656250 0.879579
vt 0.684993 0.879579
vt 0.625000 0.903485
vt 0.625000 0.879579
vt 0.593750 0.903485
vt 0.593750 0.879579
vt 0.562500 0.903485
vt 0.562500 0.879579
vt 0.589987 0.879579
vt 0.531250 0.903485
vt 0.531250 0.879579
vt 0.500000 0.903485
vt 0.500000 0.879579
vt 0.468750 0.903485
vt 0.468750 0.879579
vt 0.437500 0.903485
vt 0.437500 0.879579
vt 0.406250 0.903485
vt 0.406250 0.879579
vt 0.410013 0.879579
vt 0.375000 0.903485
vt 0.375000 0.879400
vt 0.375858 0.879579
vt 0.343750 0.903485
vt 0.343750 0.874644
vt 0.312500 0.903485
vt 0.312500 0.871836
vt 0.281250 0.903485
vt 0.281250 0.871085
vt 0.250000 0.903485
vt 0.250000 0.872037
vt 0.260988 0.871950
vt 0.218750 0.903485
vt 0.218750 0.873247
vt 0.244253 0.872423
vt 0.187500 0.903485
vt 0.187500 0.875734
vt 0.202876 0.874800
vt 0.156250 0.903485
vt 0.156250 0.878094
vt 0.177233 0.877016
vt 0.125000 0.903485
vt 0.125000 0.879015
vt 0.132157 0.879258
vt 0.154237 0.878328
vt 0.093750 0.903485
vt 0.093750 0.878767
vt 0.110520 0.879491
vt 0.062500 0.877236
vt 0.066231 0.877706
vt 0.088722 0.878885
vt 0.000000 0.903485
vt 0.000000 0.873889
vt 0.031250 0.874932
vt 0.451145 0.000000
vt 0.453605 0.000000
vt 0.468676 0.000000
vt 0.468190 0.000000
vt 0.447400 0.000000
vt 0.031250 0.536331
vt 0.000000 0.536331
vt 0.093750 0.536331
vt 0.062500 0.536331
vt 0.609566 0.000000
vt 0.610459 0.000000
vt 0.608247 0.000000
vt 0.609614 0.000000
vt 0.843750 0.536331
vt 0.812500 0.536331
vt 0.437500 0.536331
vt 0.406250 0.536331
vt 0.937500 0.536331
vt 0.906250 0.536331
vt 0.312500 0.536331
vt 0.281250 0.536331
vt 0.531250 0.536331
vt 0.500000 0.536331
vt 0.414676 0.000000
vt 0.566077 0.000000
vt 0.580806 0.000000
vt 0.580873 0.000000
vt 0.592046 0.000000
vt 0.574745 0.000000
vt 0.781250 0.536331
vt 0.401539 0.000000
vt 0.411824 0.000000
vt 0.395079 0.000000
vt 0.384086 0.000000
vt 0.968750 0.536331
vt 0.041349 0.875930
vt 0.601281 0.000000
vt 0.603906 0.000000
vt 0.606937 0.000000
vt 0.622856 0.000000
vt 0.616492 0.000000
vt 0.475883 0.000000
vt 0.498983 0.000000
vt 0.510281 0.000000
vt 0.511159 0.000000
vt 0.125000 0.536331
vt 0.530516 0.000000
vt 0.543840 0.000000
vt 0.549114 0.000000
vt 0.554921 0.000000
vt 0.533427 0.000000
vt 0.218750 0.536331
vt 0.187500 0.536331
vt 0.563738 0.000000
vt 0.592576 0.000000
vt 0.594340 0.000000
vt 0.606116 0.000000
vt 0.436370 0.000000
vt 0.427586 0.000000
vt 0.393386 0.000000
vt 0.400606 0.000000
vt 0.377296 0.000000
vt 0.687500 0.536331
vt 0.656250 0.536331
vt 0.718750 0.536331
vt 0.156250 0.536331
vt 0.521950 0.000000
vt 0.415184 0.000000
vt 0.423449 0.000000
vt 0.409819 0.000000
vt 0.750000 0.536331
vt 0.748715 0.536331
vt 0.389866 0.000000
vt 0.875000 0.536331
vt 0.343750 0.536331
vt 0.468750 0.536331
vt 0.460100 0.536331
vt 0.375000 0.536331
vt 0.542468 0.750000
vt 0.566721 0.750000
vt 0.587171 0.750000
vt 0.602797 0.750000
vt 0.613459 0.750000
vt 0.619203 0.750000
vt 0.609216 0.000000
vt 0.251285 0.536331
vt 0.250000 0.536331
vt 0.562500 0.536331
vt 0.539900 0.536332
vt 0.625000 0.536331
vt 1.000000 0.536331
vt 0.593750 0.536331
vt 0.433083 0.000000
s 0
f 442/253/169 729/258/169 728/257/169 726/256/169 727/255/169 730/254/169
f 424/259/170 436/262/170 352/261/170 351/260/170
f 351/260/171 352/261/171 350/269/171 801/268/171 812/267/171 813/266/171 814/265/171 806/264/171 349/263/171
f 378/270/172 379/270/172 460/270/172 461/270/172
f 424/271/173 351/260/173 349/263/173 435/272/173
f 392/273/174 348/275/174 346/270/174 394/274/174
f 422/276/175 355/277/175 366/263/175 433/272/175
f 396/278/176 353/270/176 374/270/176 405/279/176
f 435/272/177 349/263/177 355/277/177 422/276/177
f 439/280/169 444/283/169 446/282/169 437/281/169
f 349/263/171 806/264/171 805/290/171 811/289/171 810/288/171 807/287/171 808/286/171 809/285/171 797/284/171 355/277/171
f 394/274/178 346/270/178 353/270/178 396/278/178
f 433/272/179 366/263/179 372/277/179 421/291/179
f 421/291/180 372/277/180 371/263/180 420/272/180
f 420/272/181 371/263/181 370/263/181 419/272/181
f 419/272/182 370/263/182 369/263/182 418/272/182
f 418/292/183 369/263/183 368/294/183 417/293/183
f 417/293/184 368/294/184 367/296/184 416/295/184
f 416/295/185 367/296/185 365/298/185 415/297/185
f 355/277/171 797/284/171 785/330/171 786/329/171 788/328/171 789/327/171 791/326/171 790/325/171 787/324/171 780/323/171 779/322/171 781/321/171 794/320/171 782/319/171 784/318/171 793/317/171 792/316/171 783/315/171 795/314/171 796/313/171 354/269/171 382/269/171 384/312/171 385/311/171 386/310/171 387/309/171 388/308/171 389/307/171 390/306/171 383/305/171 365/298/171 367/304/171 368/303/171 369/302/171 370/301/171 371/300/171 372/299/171 366/263/171
f 405/279/186 374/270/186 381/270/186 406/274/186
f 406/274/187 381/270/187 380/270/187 407/278/187
f 407/278/188 380/270/188 379/270/188 408/274/188
f 408/274/189 379/270/189 378/270/189 409/278/189
f 409/331/190 378/334/190 377/333/190 410/332/190
f 410/332/191 377/333/191 376/336/191 411/335/191
f 411/335/192 376/336/192 375/338/192 412/337/192
f 412/337/193 375/338/193 373/340/193 413/339/193
f 404/341/194 413/339/194 373/340/194 358/342/194
f 415/297/195 425/343/195 413/339/195 404/341/195
f 426/344/196 412/337/196 413/339/196 425/343/196
f 427/345/197 411/335/197 412/337/197 426/344/197
f 428/346/198 410/332/198 411/335/198 427/345/198
f 429/347/199 409/331/199 410/332/199 428/346/199
f 430/348/172 408/274/172 409/278/172 429/349/172
f 431/350/200 407/278/200 408/274/200 430/348/200
f 432/348/201 406/274/201 407/278/201 431/350/201
f 414/348/202 405/279/202 406/274/202 432/348/202
f 364/351/203 403/352/203 404/341/203 358/342/203
f 363/353/204 402/354/204 403/352/204 364/351/204
f 362/355/205 401/356/205 402/354/205 363/353/205
f 361/357/206 400/358/206 401/358/206 362/357/206
f 360/359/207 399/358/207 400/358/207 361/357/207
f 359/357/208 398/358/208 399/358/208 360/359/208
f 357/357/209 397/358/209 398/358/209 359/357/209
f 423/348/210 394/274/210 396/278/210 434/360/210
f 345/357/211 393/358/211 395/361/211 356/359/211
f 434/360/212 396/278/212 405/279/212 414/348/212
f 356/359/213 395/361/213 397/358/213 357/357/213
f 436/362/214 392/273/214 394/274/214 423/348/214
f 347/363/215 391/364/215 393/358/215 345/357/215
f 347/365/216 348/368/216 392/367/216 391/366/216
f 345/357/217 356/359/217 448/359/217 440/357/217
f 374/270/212 353/270/212 447/270/212 457/270/212
f 346/270/214 348/275/214 445/275/214 443/270/214
f 352/261/218 436/362/218 423/348/218 350/269/218
f 362/355/219 363/353/219 454/353/219 453/355/219
f 380/270/201 381/270/201 458/270/201 459/270/201
f 375/338/197 376/336/197 463/336/197 464/338/197
f 360/359/220 361/357/220 452/357/220 451/359/220
f 353/270/210 346/270/210 443/270/210 447/270/210
f 358/342/195 373/340/195 465/340/195 456/342/195
f 347/363/221 345/357/221 440/357/221 438/363/221
f 377/333/199 378/334/199 461/334/199 462/333/199
f 381/270/202 374/270/202 457/270/202 458/270/202
f 363/353/222 364/351/222 455/351/222 454/353/222
f 379/270/200 380/270/200 459/270/200 460/270/200
f 373/340/196 375/338/196 464/338/196 465/340/196
f 361/357/223 362/357/223 453/357/223 452/357/223
f 357/357/224 359/357/224 449/357/224 450/357/224
f 359/357/225 360/359/225 451/359/225 449/357/225
f 356/359/226 357/357/226 450/357/226 448/359/226
f 376/336/198 377/333/198 462/333/198 463/336/198
f 364/351/227 358/342/227 456/342/227 455/351/227
f 439/369/228 440/371/228 441/370/228
f 442/253/229 443/373/229 444/372/229
f 448/371/230 741/376/230 765/375/230 764/374/230
f 438/365/231 440/377/231 439/280/231 437/281/231
f 441/370/169 731/383/169 774/382/169 773/381/169 772/380/169 771/379/169 770/378/169 729/258/169 442/253/169 444/283/169 439/280/169
f 443/373/232 445/368/232 446/282/232 444/283/232
f 445/368/233 438/365/233 437/281/233 446/282/233
f 442/253/234 730/254/234 769/386/234 768/385/234 761/384/234 447/373/234 443/373/234
f 440/371/235 448/371/235 764/392/235 776/391/235 777/390/235 778/389/235 775/388/235 725/387/235 441/370/235
f 448/371/236 450/371/236 740/394/236 742/393/236 741/376/236
f 348/368/237 347/365/237 438/365/237 445/368/237
f 354/269/238 434/360/238 414/348/238 382/269/238
f 350/269/239 423/348/239 434/360/239 354/269/239
f 382/269/240 414/348/240 432/348/240 384/269/240
f 384/269/241 432/348/241 431/350/241 385/269/241
f 385/269/242 431/350/242 430/348/242 386/269/242
f 386/269/243 430/348/243 429/349/243 387/269/243
f 387/269/244 429/347/244 428/346/244 388/395/244
f 388/395/245 428/346/245 427/345/245 389/396/245
f 389/396/246 427/345/246 426/344/246 390/397/246
f 390/397/247 426/344/247 425/343/247 383/305/247
f 365/298/248 383/305/248 425/343/248 415/297/248
f 403/352/227 416/295/227 415/297/227 404/341/227
f 402/354/222 417/293/222 416/295/222 403/352/222
f 401/356/219 418/292/219 417/293/219 402/354/219
f 400/358/223 419/272/223 418/272/223 401/358/223
f 399/358/220 420/272/220 419/272/220 400/358/220
f 398/358/225 421/291/225 420/272/225 399/358/225
f 397/358/224 433/272/224 421/291/224 398/358/224
f 393/358/217 435/272/217 422/276/217 395/361/217
f 395/361/226 422/276/226 433/272/226 397/358/226
f 391/364/221 424/271/221 435/272/221 393/358/221
f 391/366/237 392/367/237 436/262/237 424/259/237
f 528/398/249 466/401/249 594/400/249 625/399/249
f 470/402/250 472/405/250 597/404/250 596/403/250
f 472/405/251 474/275/251 598/406/251 597/404/251
f 474/275/252 476/408/252 599/407/252 598/406/252
f 476/408/253 478/410/253 600/409/253 599/407/253
f 478/410/254 480/412/254 601/411/254 600/409/254
f 480/412/255 482/414/255 602/413/255 601/411/255
f 482/414/256 484/416/256 603/415/256 602/413/256
f 484/416/257 486/418/257 604/417/257 603/415/257
f 486/418/258 488/420/258 605/419/258 604/417/258
f 488/420/259 490/261/259 606/421/259 605/419/259
f 490/261/260 492/423/260 607/422/260 606/421/260
f 492/423/261 494/425/261 608/424/261 607/422/261
f 494/425/262 496/427/262 609/426/262 608/424/262
f 496/427/263 498/429/263 610/428/263 609/426/263
f 498/429/264 500/431/264 611/430/264 610/428/264
f 500/431/265 502/433/265 612/432/265 611/430/265
f 502/433/266 504/435/266 613/434/266 612/432/266
f 504/435/267 506/260/267 614/436/267 613/434/267
f 506/260/268 508/438/268 615/437/268 614/436/268
f 508/438/269 510/440/269 616/439/269 615/437/269
f 510/440/270 512/442/270 617/441/270 616/439/270
f 512/442/271 514/444/271 618/443/271 617/441/271
f 514/444/272 516/446/272 619/445/272 618/443/272
f 516/446/273 518/448/273 620/447/273 619/445/273
f 518/448/274 520/450/274 621/449/274 620/447/274
f 520/450/275 522/363/275 622/451/275 621/449/275
f 522/363/276 524/453/276 623/452/276 622/451/276
f 524/453/277 526/455/277 624/454/277 623/452/277
f 526/455/278 528/398/278 625/399/278 624/454/278
f 469/456/169 471/487/169 473/486/169 475/485/169 477/484/169 479/483/169 481/482/169 483/481/169 485/480/169 487/479/169 489/478/169 491/477/169 493/476/169 495/475/169 497/474/169 499/473/169 501/472/169 503/471/169 505/470/169 507/469/169 509/468/169 511/467/169 513/466/169 515/465/169 517/464/169 519/463/169 521/462/169 523/461/169 525/460/169 527/459/169 529/458/169 467/457/169
f 466/488/279 468/491/279 595/490/279 594/489/279
f 480/412/169 537/412/169 538/414/169 482/414/169
f 550/260/268 582/260/268 583/438/268 551/438/268
f 498/429/169 546/429/169 547/431/169 500/431/169
f 516/446/169 555/446/169 556/448/169 518/448/169
f 472/405/169 533/405/169 534/275/169 474/275/169
f 490/261/169 542/261/169 543/423/169 492/423/169
f 508/438/169 551/438/169 552/440/169 510/440/169
f 526/455/169 560/455/169 561/398/169 528/398/169
f 482/414/169 538/414/169 539/416/169 484/416/169
f 500/431/169 547/431/169 548/433/169 502/433/169
f 518/448/169 556/448/169 557/450/169 520/450/169
f 474/275/169 534/275/169 535/408/169 476/408/169
f 492/423/169 543/423/169 544/425/169 494/425/169
f 510/440/169 552/440/169 553/442/169 512/442/169
f 466/488/169 530/488/169 531/491/169 468/491/169
f 528/398/169 561/398/169 530/401/169 466/401/169
f 484/416/169 539/416/169 540/418/169 486/418/169
f 502/433/169 548/433/169 549/435/169 504/435/169
f 520/450/169 557/450/169 558/363/169 522/363/169
f 476/408/169 535/408/169 536/410/169 478/410/169
f 494/425/169 544/425/169 545/427/169 496/427/169
f 512/442/169 553/442/169 554/444/169 514/444/169
f 468/491/169 531/491/169 532/402/169 470/402/169
f 486/418/169 540/418/169 541/420/169 488/420/169
f 504/435/169 549/435/169 550/260/169 506/260/169
f 522/363/169 558/363/169 559/453/169 524/453/169
f 478/410/169 536/410/169 537/412/169 480/412/169
f 496/427/169 545/427/169 546/429/169 498/429/169
f 514/444/169 554/444/169 555/446/169 516/446/169
f 470/402/169 532/402/169 533/405/169 472/405/169
f 488/420/169 541/420/169 542/261/169 490/261/169
f 506/260/169 550/260/169 551/438/169 508/438/169
f 524/453/169 559/453/169 560/455/169 526/455/169
f 562/492/171 593/523/171 592/522/171 591/521/171 590/520/171 589/519/171 588/518/171 587/517/171 586/516/171 585/515/171 584/514/171 583/513/171 582/512/171 581/511/171 580/510/171 579/509/171 578/508/171 577/507/171 576/506/171 575/505/171 574/504/171 573/503/171 572/502/171 571/501/171 570/500/171 569/499/171 568/498/171 567/497/171 566/496/171 565/495/171 564/494/171 563/493/171
f 537/412/255 569/412/255 570/414/255 538/414/255
f 551/438/269 583/438/269 584/440/269 552/440/269
f 538/414/256 570/414/256 571/416/256 539/416/256
f 552/440/270 584/440/270 585/442/270 553/442/270
f 539/416/257 571/416/257 572/418/257 540/418/257
f 553/442/271 585/442/271 586/444/271 554/444/271
f 540/418/258 572/418/258 573/420/258 541/420/258
f 554/444/272 586/444/272 587/446/272 555/446/272
f 541/420/259 573/420/259 574/261/259 542/261/259
f 555/446/273 587/446/273 588/448/273 556/448/273
f 542/261/260 574/261/260 575/423/260 543/423/260
f 556/448/274 588/448/274 589/450/274 557/450/274
f 543/423/261 575/423/261 576/425/261 544/425/261
f 530/488/279 562/488/279 563/491/279 531/491/279
f 557/450/275 589/450/275 590/363/275 558/363/275
f 544/425/262 576/425/262 577/427/262 545/427/262
f 531/491/280 563/491/280 564/402/280 532/402/280
f 558/363/276 590/363/276 591/453/276 559/453/276
f 545/427/263 577/427/263 578/429/263 546/429/263
f 532/402/250 564/402/250 565/405/250 533/405/250
f 559/453/277 591/453/277 592/455/277 560/455/277
f 546/429/264 578/429/264 579/431/264 547/431/264
f 533/405/251 565/405/251 566/275/251 534/275/251
f 560/455/278 592/455/278 593/398/278 561/398/278
f 547/431/265 579/431/265 580/433/265 548/433/265
f 534/275/252 566/275/252 567/408/252 535/408/252
f 561/398/249 593/398/249 562/401/249 530/401/249
f 548/433/266 580/433/266 581/435/266 549/435/266
f 535/408/253 567/408/253 568/410/253 536/410/253
f 549/435/267 581/435/267 582/260/267 550/260/267
f 536/410/254 568/410/254 569/412/254 537/412/254
f 468/491/280 470/402/280 596/403/280 595/490/280
f 689/524/281 658/527/281 529/526/281 527/525/281
f 688/528/282 689/524/282 527/525/282 525/529/282
f 687/530/283 688/528/283 525/529/283 523/531/283
f 686/532/284 687/530/284 523/531/284 521/533/284
f 685/534/285 686/532/285 521/533/285 519/535/285
f 684/536/286 685/534/286 519/535/286 517/537/286
f 683/538/287 684/536/287 517/537/287 515/539/287
f 682/540/288 683/538/288 515/539/288 513/541/288
f 681/542/289 682/540/289 513/541/289 511/543/289
f 680/544/290 681/542/290 511/543/290 509/545/290
f 679/546/291 680/544/291 509/545/291 507/355/291
f 678/547/292 679/546/292 507/355/292 505/548/292
f 677/549/293 678/547/293 505/548/293 503/550/293
f 676/551/294 677/549/294 503/550/294 501/552/294
f 675/553/295 676/551/295 501/552/295 499/554/295
f 674/555/296 675/553/296 499/554/296 497/556/296
f 673/557/297 674/555/297 497/556/297 495/558/297
f 672/559/298 673/557/298 495/558/298 493/560/298
f 671/561/299 672/559/299 493/560/299 491/334/299
f 670/562/300 671/561/300 491/334/300 489/563/300
f 669/564/301 670/562/301 489/563/301 487/565/301
f 668/566/302 669/564/302 487/565/302 485/567/302
f 667/568/303 668/566/303 485/567/303 483/569/303
f 666/570/304 667/568/304 483/569/304 481/571/304
f 665/572/305 666/570/305 481/571/305 479/573/305
f 664/574/306 665/572/306 479/573/306 477/575/306
f 663/576/307 664/574/307 477/575/307 475/577/307
f 662/578/308 663/576/308 475/577/308 473/579/308
f 661/580/309 662/578/309 473/579/309 471/581/309
f 660/582/310 661/580/310 471/581/310 469/583/310
f 659/584/311 660/582/311 469/583/311 467/585/311
f 623/452/171 655/452/171 654/451/171 622/451/171
f 597/404/171 629/404/171 628/403/171 596/403/171
f 606/421/171 638/421/171 637/586/171 605/419/171
f 615/437/171 647/437/171 646/436/171 614/436/171
f 624/454/171 656/454/171 655/452/171 623/452/171
f 598/406/171 630/406/171 629/404/171 597/404/171
f 607/422/171 639/422/171 638/421/171 606/421/171
f 616/439/171 648/439/171 647/437/171 615/437/171
f 625/399/171 657/399/171 656/454/171 624/454/171
f 599/407/171 631/407/171 630/406/171 598/406/171
f 608/424/171 640/424/171 639/422/171 607/422/171
f 617/441/171 649/441/171 648/439/171 616/439/171
f 594/400/171 626/400/171 657/399/171 625/399/171
f 600/409/171 632/409/171 631/407/171 599/407/171
f 609/426/171 641/426/171 640/424/171 608/424/171
f 618/443/171 650/443/171 649/441/171 617/441/171
f 658/527/312 659/588/312 467/587/312 529/526/312
f 614/436/171 646/436/171 645/434/171 613/434/171
f 605/419/171 637/586/171 636/417/171 604/417/171
f 596/403/171 628/403/171 627/589/171 595/490/171
f 622/451/171 654/451/171 653/449/171 621/449/171
f 613/434/171 645/434/171 644/432/171 612/432/171
f 595/490/171 627/589/171 626/489/171 594/489/171
f 604/417/171 636/417/171 635/415/171 603/415/171
f 621/449/171 653/449/171 652/447/171 620/447/171
f 612/432/171 644/432/171 643/430/171 611/430/171
f 603/415/171 635/415/171 634/413/171 602/413/171
f 620/447/171 652/447/171 651/445/171 619/445/171
f 611/430/171 643/430/171 642/428/171 610/428/171
f 602/413/171 634/413/171 633/411/171 601/411/171
f 619/445/171 651/445/171 650/443/171 618/443/171
f 610/428/171 642/428/171 641/426/171 609/426/171
f 601/411/171 633/411/171 632/409/171 600/409/171
f 721/590/313 658/527/313 689/524/313 695/591/313
f 710/592/314 702/596/314 745/595/314 744/594/314 743/593/314
f 706/597/315 710/592/315 743/593/315 724/599/315 754/598/315
f 692/600/316 706/597/316 754/598/316 752/602/316 753/601/316
f 696/603/317 692/600/317 753/601/317 751/605/317 750/604/317
f 700/606/318 696/603/318 750/604/318 749/609/318 748/608/318 747/607/318
f 701/610/319 700/606/319 747/607/319 736/612/319 737/611/319
f 719/613/320 701/610/320 737/611/320 733/615/320 734/614/320
f 716/616/321 719/613/321 734/614/321 735/619/321 746/618/321 762/617/321
f 713/620/322 716/616/322 762/617/322 761/622/322 768/621/322
f 709/623/323 713/620/323 768/621/323 769/624/323
f 705/625/324 709/623/324 769/624/324 730/627/324 727/626/324
f 693/628/325 705/625/325 727/626/325 726/629/325
f 697/630/326 693/628/326 726/629/326 728/631/326
f 703/632/327 697/630/327 728/631/327 729/634/327 770/633/327
f 704/635/328 703/632/328 770/633/328 771/636/328
f 718/637/329 704/635/329 771/636/329 772/638/329
f 715/639/330 718/637/330 772/638/330 773/640/330
f 712/641/331 715/639/331 773/640/331 774/642/331
f 708/643/332 712/641/332 774/642/332 731/645/332 732/644/332
f 690/646/333 708/643/333 732/644/333 725/648/333 775/647/333
f 694/649/334 690/646/334 775/647/334 778/650/334
f 698/651/335 694/649/335 778/650/335 777/652/335
f 699/653/336 698/651/336 777/652/336 776/654/336
f 720/655/337 699/653/337 776/654/337 764/657/337 765/656/337
f 717/658/338 720/655/338 765/656/338 741/660/338 742/659/338
f 714/661/339 717/658/339 742/659/339 740/663/339 766/662/339
f 711/664/340 714/661/340 766/662/340 767/666/340 763/665/340
f 707/667/341 711/664/341 763/665/341 760/670/341 758/669/341 759/668/341
f 691/671/342 707/667/342 759/668/342 756/673/342 755/672/342
f 695/591/343 691/671/343 755/672/343 757/676/343 739/675/343 738/674/343
f 702/677/344 721/590/344 722/679/344 745/678/344
f 659/588/345 658/527/345 721/590/345 702/677/345
f 689/524/346 688/528/346 691/671/346 695/591/346
f 688/528/347 687/530/347 707/667/347 691/671/347
f 687/530/348 686/532/348 711/664/348 707/667/348
f 686/532/349 685/534/349 714/661/349 711/664/349
f 685/534/350 684/536/350 717/658/350 714/661/350
f 684/536/351 683/538/351 720/655/351 717/658/351
f 683/538/352 682/540/352 699/653/352 720/655/352
f 682/540/353 681/542/353 698/651/353 699/653/353
f 681/542/354 680/544/354 694/649/354 698/651/354
f 680/544/355 679/546/355 690/646/355 694/649/355
f 679/546/356 678/547/356 708/643/356 690/646/356
f 678/547/357 677/549/357 712/641/357 708/643/357
f 677/549/358 676/551/358 715/639/358 712/641/358
f 676/551/359 675/553/359 718/637/359 715/639/359
f 675/553/360 674/555/360 704/635/360 718/637/360
f 674/555/361 673/557/361 703/632/361 704/635/361
f 673/557/362 672/559/362 697/630/362 703/632/362
f 672/559/363 671/561/363 693/628/363 697/630/363
f 671/561/364 670/562/364 705/625/364 693/628/364
f 670/562/365 669/564/365 709/623/365 705/625/365
f 669/564/366 668/566/366 713/620/366 709/623/366
f 668/566/367 667/568/367 716/616/367 713/620/367
f 667/568/368 666/570/368 719/613/368 716/616/368
f 666/570/369 665/572/369 701/610/369 719/613/369
f 665/572/370 664/574/370 700/606/370 701/610/370
f 664/574/371 663/576/371 696/603/371 700/606/371
f 663/576/372 662/578/372 692/600/372 696/603/372
f 662/578/373 661/580/373 706/597/373 692/600/373
f 661/580/374 660/582/374 710/592/374 706/597/374
f 660/582/375 659/584/375 702/596/375 710/592/375
f 739/680/376 455/684/376 456/683/376 723/682/376 738/681/376
f 780/685/249 657/399/249 626/400/249 779/686/249
f 790/687/277 655/452/277 656/454/277 787/688/277
f 746/689/377 447/373/377 761/691/377 762/690/377
f 735/692/378 457/373/378 447/373/378 746/689/378
f 793/693/253 631/407/253 632/409/253 792/694/253
f 805/695/266 644/432/266 645/434/266 811/696/266
f 794/697/250 628/403/250 629/404/250 782/698/250
f 808/699/270 648/439/270 649/441/270 809/700/270
f 812/701/263 641/426/263 642/428/263 813/702/263
f 731/383/169 441/370/169 725/387/169 732/703/169
f 751/704/379 462/708/379 461/707/379 749/706/379 750/705/379
f 792/694/254 632/409/254 633/411/254 783/709/254
f 760/710/380 451/713/380 452/712/380 758/711/380
f 781/714/280 627/589/280 628/403/280 794/697/280
f 722/679/381 721/590/381 695/591/381 738/674/381 723/715/381
f 736/716/382 459/720/382 458/719/382 733/718/382 737/717/382
f 723/682/383 456/683/383 465/724/383 744/723/383 745/722/383 722/721/383
f 791/725/276 654/451/276 655/452/276 790/687/276
f 724/726/384 464/730/384 463/729/384 752/728/384 754/727/384
f 786/731/273 651/445/273 652/447/273 788/732/273
f 752/728/385 463/729/385 462/708/385 751/704/385 753/733/385
f 748/734/386 460/736/386 459/720/386 736/716/386 747/735/386
f 757/737/387 454/738/387 455/684/387 739/680/387
f 767/739/388 449/741/388 451/713/388 760/710/388 763/740/388
f 803/742/258 636/417/258 637/586/258 804/743/258
f 802/744/257 635/415/257 636/417/257 803/742/257
f 788/732/274 652/447/274 653/449/274 789/745/274
f 744/723/389 465/724/389 464/730/389 724/726/389 743/746/389
f 758/711/390 452/712/390 453/749/390 756/748/390 759/747/390
f 795/750/256 634/413/256 635/415/256 802/744/256 796/751/256
f 740/394/391 450/371/391 449/741/391 767/739/391 766/752/391
f 784/753/252 630/406/252 631/407/252 793/693/252
f 807/754/269 647/437/269 648/439/269 808/699/269
f 814/755/265 643/430/265 644/432/265 805/695/265 806/756/265
f 810/757/268 646/436/268 647/437/268 807/754/268
f 749/706/392 461/707/392 460/736/392 748/734/392
f 789/745/275 653/449/275 654/451/275 791/725/275
f 801/268/171 350/269/171 354/269/171 796/313/171 802/763/171 803/762/171 804/761/171 798/760/171 799/759/171 800/758/171
f 733/718/393 458/719/393 457/373/393 735/692/393 734/764/393
f 809/700/271 649/441/271 650/443/271 785/766/271 797/765/271
f 800/767/262 640/424/262 641/426/262 812/701/262 801/768/262
f 783/709/255 633/411/255 634/413/255 795/750/255
f 787/688/278 656/454/278 657/399/278 780/685/278
f 785/766/272 650/443/272 651/445/272 786/731/272
f 804/743/259 637/586/259 638/421/259 798/769/259
f 782/698/251 629/404/251 630/406/251 784/753/251
f 813/702/264 642/428/264 643/430/264 814/755/264
f 779/770/279 626/489/279 627/589/279 781/714/279
f 811/696/267 645/434/267 646/436/267 810/757/267
f 798/769/260 638/421/260 639/422/260 799/771/260
f 756/748/394 453/749/394 454/738/394 757/737/394 755/772/394
f 799/771/261 639/422/261 640/424/261 800/767/261
o Цилиндр.004
v -1.070383 1.024402 0.105105
v -1.267362 1.059792 -0.155729
v -1.068215 0.128202 0.088390
v -1.231138 1.059792 -0.155729
v -1.070383 1.024402 0.107083
v -1.038806 1.021292 0.105105
v -1.163121 0.727139 0.313268
v -1.267362 1.029410 -0.152737
v -1.026922 0.124135 0.088390
v -1.231138 1.029410 -0.152737
v -1.008443 1.012082 0.105105
v -1.038806 1.021292 0.107083
v -1.145845 0.870522 0.302429
v -1.267362 1.000196 -0.143875
v -0.980459 0.997124 0.105105
v -1.231138 1.000196 -0.143875
v -0.987216 0.112090 0.088390
v -1.008443 1.012082 0.107083
v -1.267362 0.973273 -0.129484
v -0.955932 0.976995 0.105105
v -0.935803 0.952467 0.105105
v -1.231138 0.973273 -0.129484
v -0.980459 0.997124 0.107083
v -1.163121 0.727139 0.179425
v -0.950622 0.092531 0.088390
v -1.267362 0.949674 -0.110117
v -0.920845 0.924484 0.105105
v -1.231138 0.949674 -0.110117
v -0.911635 0.894121 0.105105
v -0.955932 0.976995 0.107083
v -1.267362 0.930307 -0.086519
v -0.918548 0.066208 0.088390
v -1.231138 0.930307 -0.086519
v -0.908525 0.862544 0.105105
v -0.971134 0.727139 0.313268
v -0.935803 0.952467 0.107083
v -0.911635 0.830967 0.105105
v -1.267362 0.915916 -0.059595
v -0.892225 0.034133 0.088390
v -0.920845 0.924484 0.061405
v -1.231138 0.915916 -0.059595
v -0.920845 0.800603 0.105105
v -1.002462 0.870522 0.302429
v -0.935803 0.772620 0.105105
v -0.911635 0.894121 0.061405
v -0.872665 -0.002460 0.088390
v -1.267362 0.907054 -0.030381
v -0.955932 0.748092 0.105105
v -1.231138 0.907054 -0.030381
v -0.971134 0.727139 0.179425
v -0.980459 0.727963 0.105105
v -1.267362 0.904062 0.000000
v -0.860620 -0.042166 0.088390
v -0.908525 0.862544 0.061405
v -1.231138 0.904062 0.000000
v -1.008442 0.713006 0.105105
v -1.038806 0.703795 0.105105
v -1.267362 0.907054 0.030381
v -1.070383 0.700685 0.105105
v -0.856553 -0.083459 0.088390
v -0.911635 0.830967 0.061405
v -1.231138 0.907054 0.030381
v -1.101960 0.703795 0.105105
v -1.181066 0.472171 0.283119
v -1.132324 0.713006 0.105105
v -1.267362 0.915916 0.059595
v -0.860620 -0.124752 0.088390
v -0.920845 0.800603 0.061405
v -1.160307 0.727963 0.105105
v -1.231138 0.915916 0.059595
v -1.181066 0.472171 0.146266
v -1.184834 0.748092 0.105105
v -1.267362 0.930307 0.086519
v -0.872665 -0.164459 0.088390
v -0.935803 0.772620 0.061405
v -1.231138 0.930307 0.086519
v -0.955678 0.472171 0.283119
v -1.204963 0.772620 0.105105
v -1.219921 0.800603 0.105105
v -1.267362 0.949674 0.110117
v -0.892225 -0.201052 0.088390
v -0.955932 0.748092 0.061405
v -1.229131 0.830966 0.105105
v -1.231138 0.949674 0.110117
v -0.955678 0.472171 0.146266
v -0.980459 0.727963 0.061405
v -1.232242 0.862544 0.105105
v -1.267362 0.973273 0.129484
v -0.918548 -0.233127 0.088390
v -0.964413 0.599655 0.172385
v -1.231138 0.973273 0.129484
v -1.229131 0.894121 0.105105
v -1.219921 0.924484 0.105105
v -1.267362 1.000196 0.143875
v -1.008442 0.713006 0.061405
v -1.172150 0.599655 0.172385
v -0.950622 -0.259449 0.088390
v -1.204963 0.952467 0.105105
v -1.231138 1.000196 0.143875
v -0.987215 -0.279009 0.088390
v -1.267362 1.029410 0.152737
v -1.184834 0.976995 0.105105
v -1.038806 0.703795 0.061405
v -1.172150 0.599655 0.301229
v -1.160307 0.997124 0.105105
v -1.231138 1.029410 0.152737
v -1.070383 0.700685 0.061405
v -1.132324 1.012082 0.105105
v -0.964413 0.599655 0.301229
v -1.267362 1.059792 0.155729
v -1.101960 1.021292 0.105105
v -1.231138 1.059792 0.155729
v -1.026922 -0.291054 0.088390
v -1.068215 -0.295121 0.088390
v -1.267362 1.090173 0.152737
v -1.070383 1.024402 0.128231
v -1.101960 0.703795 0.061405
v -1.038806 1.021292 0.128231
v -1.231138 1.090173 0.152737
v -1.201665 0.211132 0.234531
v -1.132324 0.713006 0.061405
v -1.008442 1.012082 0.128231
v -1.267362 1.119386 0.143875
v -1.201665 0.211132 0.063901
v -0.980459 0.997124 0.128231
v -1.231138 1.119386 0.143875
v -1.109508 -0.291054 0.088390
v -0.955932 0.976995 0.128231
v -1.160307 0.727963 0.061405
v -1.149214 -0.279009 0.088390
v -1.267362 1.146310 0.129484
v -0.939148 0.211132 0.234531
v -0.935803 0.952467 0.128231
v -1.231138 1.146310 0.129484
v -0.939148 0.211132 0.063901
v -1.184834 0.748092 0.061405
v -1.267362 1.169909 0.110117
v -0.920845 0.924484 0.128231
v -0.911635 0.894121 0.128231
v -1.185807 -0.259449 0.088390
v -1.231138 1.169909 0.110117
v -0.908525 0.862544 0.128231
v -1.204963 0.772620 0.061405
v -1.203045 0.140886 0.228460
v -1.267362 1.189276 0.086519
v -1.217882 -0.233127 0.088390
v -1.231138 1.189276 0.086519
v -0.911635 0.830967 0.128231
v -0.920845 0.800603 0.128231
v -1.267362 1.203667 0.059595
v -1.219921 0.800603 0.061405
v -1.203045 0.140886 0.063901
v -1.231138 1.203667 0.059595
v -0.935803 0.772620 0.128231
v -1.244205 -0.201052 0.088390
v -1.267362 1.212528 0.030381
v -0.955932 0.748092 0.128231
v -1.263764 -0.164459 0.088390
v -1.229131 0.830966 0.061405
v -0.980459 0.727963 0.128231
v -1.231138 1.212528 0.030381
v -0.937769 0.140886 0.228460
v -1.267362 1.215521 0.000000
v -1.275809 -0.124753 0.088390
v -1.232242 0.862544 0.061405
v -1.008442 0.713006 0.128231
v -0.937769 0.140886 0.063901
v -1.231138 1.215521 0.000000
v -1.038806 0.703795 0.128231
v -1.279876 -0.083459 0.088390
v -1.229131 0.894121 0.061405
v -1.267362 1.212528 -0.030381
v -1.070383 0.700685 0.128231
v -1.101960 0.703795 0.128231
v -1.229131 0.894121 0.107083
v -1.163121 0.727139 0.211061
v -1.231138 1.212528 -0.030381
v -1.267362 1.203667 -0.059595
v -1.275809 -0.042166 0.088390
v -1.132324 0.713006 0.128231
v -1.231138 1.203667 -0.059595
v -1.219921 0.924484 0.107083
v -1.160307 0.727963 0.128231
v -1.263764 -0.002460 0.088390
v -1.267362 1.189276 -0.086519
v -1.184834 0.748092 0.128231
v -1.231138 1.189276 -0.086519
v -1.204963 0.952467 0.107083
v -1.204963 0.772620 0.128231
v -0.971134 0.727139 0.211061
v -1.267362 1.169909 -0.110117
v -1.231138 1.169909 -0.110117
v -1.244205 0.034133 0.088390
v -1.184834 0.976995 0.107083
v -1.219921 0.800603 0.128231
v -1.229131 0.830966 0.128231
v -1.267362 1.146310 -0.129484
v -1.232242 0.862544 0.128231
v -1.231138 1.146310 -0.129484
v -1.181066 0.472171 0.181278
v -1.160307 0.997124 0.107083
v -1.217882 0.066208 0.088390
v -1.267362 1.119386 -0.143875
v -1.229131 0.894121 0.128231
v -1.231138 1.119386 -0.143875
v -1.132324 1.012082 0.107083
v -1.185808 0.092531 0.088390
v -1.267362 1.090173 -0.152737
v -1.219921 0.924484 0.128231
v -1.231138 1.090173 -0.152737
v -0.955678 0.472171 0.181278
v -1.101960 1.021292 0.107083
v -1.204963 0.952467 0.128231
v -0.964413 0.599655 0.205709
v -1.317760 1.059792 -0.135682
v -1.184834 0.976995 0.128231
v -1.317760 1.033321 -0.133075
v -1.149214 0.112090 0.088390
v -1.317760 1.007868 -0.125354
v -0.991912 0.979984 0.061405
v -1.160307 0.997124 0.128231
v -1.317760 0.984411 -0.112815
v -1.132324 1.012082 0.128231
v -1.109508 0.124135 0.088390
v -0.970508 0.962419 0.061405
v -1.317760 0.963850 -0.095941
v -1.172150 0.599655 0.205709
v -1.317760 0.946976 -0.075381
v -1.101960 1.021292 0.128231
v -0.952942 0.941015 0.061405
v -1.070383 0.997234 0.128231
v -1.317760 0.934438 -0.051923
v -1.201665 0.211132 0.109151
v -0.939890 0.916596 0.061405
v -0.939148 0.211132 0.109151
v -1.044106 0.994646 0.128231
v -1.317760 0.926717 -0.026470
v -1.018839 0.986981 0.128231
v -0.931852 0.890099 0.061405
v -1.203045 0.140886 0.109151
v -0.929138 0.862544 0.061405
v -1.317760 0.924110 0.000000
v -0.937769 0.140886 0.109151
v -0.931852 0.834988 0.061405
v -0.995553 0.974534 0.128231
v -1.317760 0.926717 0.026470
v -0.975143 0.957784 0.128231
v -1.224716 -0.026491 0.215452
v -1.317760 0.934438 0.051923
v -0.958392 0.937373 0.128231
v -0.939890 0.808492 0.061405
v -1.317760 0.946976 0.075381
v -0.918548 0.066208 0.118632
v -0.952942 0.784072 0.061405
v -0.892225 0.034133 0.118632
v -0.945946 0.914087 0.128231
v -0.970508 0.762668 0.061405
v -0.923591 -0.026491 0.215452
v -1.317760 0.963850 0.095942
v -0.938281 0.888820 0.128231
v -0.991911 0.745103 0.061405
v -0.872665 -0.002460 0.118632
v -1.317760 0.984411 0.112815
v -1.317760 1.007868 0.125354
v -0.935693 0.862544 0.128231
v -0.938281 0.836267 0.128231
v -1.016331 0.732050 0.061405
v -1.317760 1.033321 0.133075
v -0.860620 -0.042166 0.118632
v -0.856553 -0.083459 0.118632
v -1.042827 0.724013 0.061405
v -0.945946 0.811000 0.128231
v -1.317760 1.059792 0.135682
v -1.181539 -0.187797 0.215452
v -1.070383 0.721299 0.061405
v -1.317760 1.086262 0.133075
v -0.958392 0.787714 0.128231
v -1.097939 0.724013 0.061405
v -0.966767 -0.187797 0.215452
v -0.975143 0.767303 0.128231
v -1.317760 1.111715 0.125354
v -1.124435 0.732050 0.061405
v -0.860620 -0.124752 0.118632
v -1.317760 1.135172 0.112815
v -0.995553 0.750553 0.128231
v -0.872665 -0.164459 0.118632
v -1.148854 0.745103 0.061405
v -1.317760 1.155733 0.095942
v -1.018839 0.738106 0.128231
v -1.170258 0.762668 0.061405
v -0.892225 -0.201052 0.118632
v -1.317760 1.172607 0.075381
v -1.044106 0.730442 0.128231
v -1.187824 0.784072 0.061405
v -1.194724 -0.073243 0.251876
v -1.070383 0.727853 0.128231
v -1.200876 0.808492 0.061405
v -1.096660 0.730442 0.128231
v -1.317760 1.185145 0.051923
v -0.918548 -0.233127 0.118632
v -1.317760 1.192866 0.026470
v -1.208914 0.834988 0.061405
v -1.121927 0.738106 0.128231
v -0.953583 -0.073243 0.251876
v -1.317760 1.195473 0.000000
v -0.950622 -0.259449 0.118632
v -1.211628 0.862544 0.061405
v -1.208914 0.890099 0.061405
v -1.145213 0.750553 0.128231
v -1.165623 0.767303 0.128231
v -1.317760 1.192866 -0.026470
v -0.987215 -0.279009 0.118632
v -1.317760 1.185145 -0.051923
v -1.200876 0.916596 0.061405
v -1.182374 0.787714 0.128231
v -1.181539 -0.114810 0.251876
v -1.317760 1.172607 -0.075381
v -1.194820 0.811000 0.128231
v -1.187824 0.941015 0.061405
v -1.317760 1.155733 -0.095941
v -1.026922 -0.291054 0.118632
v -1.317760 1.135172 -0.112815
v -0.966767 -0.114810 0.251876
v -1.202485 0.836267 0.128231
v -1.317760 1.111715 -0.125354
v -1.317760 1.086262 -0.133075
v -1.205073 0.862544 0.128231
v -1.129634 1.035666 -0.092738
v -1.068215 -0.295121 0.118632
v -0.991286 0.727139 0.179425
v -1.129634 1.054113 -0.094555
v -1.202485 0.888820 0.128231
v -1.129634 1.017928 -0.087357
v -1.194820 0.914087 0.128231
v -1.129634 1.001581 -0.078619
v -0.974260 0.958667 0.039223
v -1.109508 -0.291054 0.118632
v -1.142968 0.727139 0.179425
v -1.129634 0.987253 -0.066860
v -1.182374 0.937373 0.128231
v -0.957354 0.938067 0.039223
v -0.944792 0.914565 0.039223
v -1.165623 0.957784 0.128231
v -0.937056 0.889064 0.039223
v -1.145213 0.974534 0.128231
v -0.934444 0.862544 0.039223
v -1.149214 -0.279009 0.118632
v -1.121927 0.986981 0.128231
v -0.937056 0.836023 0.039223
v -1.129634 0.966756 0.036185
v -1.185807 -0.259449 0.118632
v -0.944792 0.810522 0.039223
v -1.096660 0.994646 0.128231
v -1.217882 -0.233127 0.118632
v -0.957354 0.787020 0.039223
v -0.974260 0.766420 0.039223
v -1.070383 0.997234 0.191802
v -0.994859 0.749515 0.039223
v -1.142968 0.727139 0.313268
v -1.018361 0.736952 0.039223
v -1.044106 0.994646 0.191802
v -1.129634 1.017928 0.087357
v -1.018839 0.986981 0.191802
v -1.244205 -0.201052 0.118632
v -1.129634 1.035666 0.092738
v -1.043863 0.729217 0.039223
v -0.991286 0.727139 0.313268
v -1.129634 1.054113 0.094555
v -0.995553 0.974534 0.191802
v -1.263764 -0.164459 0.118632
v -1.070383 0.726605 0.039223
v -0.975143 0.957784 0.191802
v -1.129634 1.072560 0.092738
v -1.096903 0.729217 0.039223
v -1.041327 0.870522 0.313268
v -1.122405 0.736952 0.039223
v -0.958392 0.937373 0.191802
v -0.945946 0.914087 0.191802
v -1.129634 1.090297 0.087357
v -1.129634 1.106645 0.078619
v -1.275809 -0.124753 0.118632
v -1.106980 0.870522 0.313268
v -1.145907 0.749515 0.039223
v -0.938281 0.888820 0.191802
v -1.166506 0.766420 0.039223
v -1.129634 1.120973 0.066860
v -0.986036 0.472171 0.146266
v -1.129634 1.132732 0.052532
v -0.935693 0.862544 0.191802
v -1.183412 0.787020 0.039223
v -0.938281 0.836267 0.191802
v -1.195974 0.810522 0.039223
v -1.279876 -0.083459 0.118632
v -1.275809 -0.042166 0.118632
v -1.129634 1.141470 0.036185
v -1.203710 0.836023 0.039223
v -0.945946 0.811000 0.191802
v -1.129634 1.146851 0.018447
v -0.958392 0.787714 0.191802
v -1.150708 0.472171 0.146266
v -1.129634 1.148668 0.000000
v -1.206322 0.862544 0.039223
v -1.150708 0.472171 0.295808
v -1.129634 1.146851 -0.018447
v -0.975143 0.767303 0.191802
v -1.263764 -0.002460 0.118632
v -1.203710 0.889064 0.039223
v -1.244205 0.034133 0.118632
v -1.195974 0.914565 0.039223
v -0.986036 0.472171 0.295808
v -1.129634 1.141470 -0.036185
v -1.148684 0.599655 0.313918
v -1.129634 1.132732 -0.052532
v -1.129634 1.120973 -0.066860
v -1.217882 0.066208 0.118632
v -1.129634 1.106645 -0.078619
v -0.987879 0.599655 0.313918
v -0.987879 0.599655 0.172385
v -1.129634 1.090297 -0.087357
v -1.129634 1.072560 -0.092738
v -1.148684 0.599655 0.172385
v -1.070383 0.937764 0.039223
v -1.165623 0.767303 0.191802
v -0.969214 1.035666 -0.092738
v -0.982215 0.211132 0.063901
v -1.055708 0.936318 0.039223
v -1.182374 0.787714 0.191802
v -0.969214 1.054113 -0.094555
v -1.194820 0.811000 0.191802
v -1.158599 0.211132 0.063901
v -1.041597 0.932038 0.039223
v -0.969214 1.017928 -0.087357
v -1.158599 0.211132 0.255167
v -1.202485 0.836267 0.191802
v -1.028593 0.925087 0.039223
v -0.969214 1.001581 -0.078619
v -0.982215 0.211132 0.255167
v -1.205073 0.862544 0.191802
v -0.969214 0.987253 -0.066860
v -1.017194 0.915732 0.039223
v -0.975022 0.140886 0.063901
v -0.969214 0.975493 -0.052532
v -1.202485 0.888820 0.191802
v -1.165791 0.140886 0.063901
v -1.007840 0.904334 0.039223
v -0.969214 0.966756 -0.036185
v -1.194820 0.914087 0.191802
v -1.182374 0.937373 0.191802
v -1.000889 0.891329 0.039223
v -0.969214 0.961375 -0.018447
v -0.916192 -0.020490 0.118632
v -0.996608 0.877218 0.039223
v -1.156514 0.140886 0.252024
v -1.165623 0.957784 0.191802
v -0.969214 0.959558 -0.000000
v -1.145213 0.974534 0.191802
v -0.995163 0.862544 0.039223
v -0.996608 0.847869 0.039223
v -0.906829 -0.051358 0.118632
v -0.984299 0.140886 0.252024
v -0.969214 0.961375 0.018447
v -1.121927 0.986981 0.191802
v -1.000889 0.833758 0.039223
v -0.903667 -0.083459 0.118632
v -0.969214 0.966756 0.036185
v -1.007840 0.820753 0.039223
v -1.096660 0.994646 0.191802
v -1.070383 0.990977 0.203930
v -0.969214 0.975493 0.052532
v -0.975022 0.140886 0.109151
v -1.017194 0.809355 0.039223
v -0.906829 -0.115561 0.118632
v -0.969214 1.001581 0.078619
v -1.028593 0.800000 0.039223
v -1.045327 0.988509 0.203930
v -1.041597 0.793049 0.039223
v -1.021234 0.981200 0.203930
v -1.165791 0.140886 0.109151
v -0.969214 1.017928 0.087357
v -0.999030 0.969332 0.203930
v -0.969214 1.035666 0.092738
v -1.055708 0.788769 0.039223
v -0.979567 0.953359 0.203930
v -0.916192 -0.146429 0.118632
v -0.969214 1.054113 0.094555
v -1.070383 0.787323 0.039223
v -0.963595 0.933897 0.203930
v -1.085058 0.788769 0.039223
v -0.931398 -0.174877 0.118632
v -0.969214 1.072560 0.092738
v -0.951726 0.911693 0.203930
v -0.969214 1.090297 0.087357
v -0.944418 0.887600 0.203930
v -1.143094 -0.050581 0.251876
v -1.099169 0.793049 0.039223
v -0.951862 -0.199812 0.118632
v -1.112173 0.800000 0.039223
v -0.941950 0.862544 0.203930
v -0.969214 1.106645 0.078619
v -1.123572 0.809355 0.039223
v -0.944418 0.837488 0.203930
v -0.969214 1.120973 0.066860
v -0.976797 -0.220276 0.118632
v -0.951726 0.813394 0.203930
v -1.132926 0.820753 0.039223
v -1.005212 -0.050581 0.251876
v -0.969214 1.132732 0.052532
v -0.963595 0.791190 0.203930
v -1.139877 0.833758 0.039223
v -0.969214 1.141470 0.036185
v -1.005245 -0.235482 0.118632
v -1.144158 0.847869 0.039223
v -0.979567 0.771728 0.203930
v -0.969214 1.146851 0.018447
v -1.036113 -0.244846 0.118632
v -1.123324 -0.187797 0.215452
v -0.969214 1.148668 -0.000000
v -1.068215 -0.248007 0.118632
v -1.145603 0.862544 0.039223
v -1.024982 -0.187797 0.215452
v -1.144158 0.877218 0.039223
v -0.969214 1.146851 -0.018447
v -1.100317 -0.244846 0.118632
v -1.131185 -0.235482 0.118632
v -1.139877 0.891329 0.039223
v -1.159633 -0.220276 0.118632
v -0.969214 1.141470 -0.036185
v -0.969214 1.132732 -0.052532
v -1.138546 -0.073243 0.251876
v -1.132926 0.904334 0.039223
v -1.184568 -0.199813 0.118632
v -1.161199 0.771728 0.203930
v -0.969214 1.120973 -0.066860
v -1.123572 0.915732 0.039223
v -1.205031 -0.174877 0.118632
v -1.177171 0.791190 0.203930
v -1.112173 0.925087 0.039223
v -0.969214 1.106645 -0.078619
v -1.009761 -0.073243 0.251876
v -1.099169 0.932038 0.039223
v -1.189040 0.813394 0.203930
v -1.220237 -0.146429 0.118632
v -0.969214 1.090297 -0.087357
v -1.196348 0.837488 0.203930
v -0.969214 1.072560 -0.092738
v -1.085058 0.936318 0.039223
v -1.198816 0.862544 0.203930
v -1.123324 -0.114810 0.251876
v -1.070383 0.937764 -0.192523
v -1.229601 -0.115561 0.118632
v -0.957857 1.030122 -0.120609
v -1.196348 0.887600 0.203930
v -0.957857 1.054113 -0.122972
v -1.024982 -0.114810 0.251876
v -1.055708 0.936318 -0.192523
v -0.957857 1.007054 -0.113611
v -1.189040 0.911693 0.203930
v -1.232763 -0.083459 0.118632
v -1.041597 0.932038 -0.192523
v -1.177171 0.933897 0.203930
v -1.028593 0.925087 -0.192523
v -0.957857 0.985793 -0.102247
v -1.229601 -0.051358 0.118632
v -1.161199 0.953359 0.203930
v -1.017194 0.915732 -0.192523
v -0.957857 0.967159 -0.086954
v -0.916192 -0.020490 0.140213
v -0.957857 0.951865 -0.068320
v -1.141737 0.969332 0.203930
v -0.906829 -0.051358 0.140213
v -1.007840 0.904334 -0.192523
v -1.119532 0.981200 0.203930
v -1.000889 0.891329 -0.192523
v -1.095439 0.988509 0.203930
v -0.957857 0.940502 -0.047059
v -0.903667 -0.083459 0.140213
v -0.957857 0.933504 -0.023991
v -0.906829 -0.115561 0.140213
v -0.996608 0.877218 -0.192523
v -1.070383 0.990977 0.223169
v -0.957857 0.931141 -0.000000
v -0.916192 -0.146429 0.140213
v -0.995163 0.862544 -0.192523
v -1.045327 0.988509 0.223169
v -0.996608 0.847869 -0.192523
v -0.931398 -0.174877 0.140213
v -0.957857 0.933504 0.023991
v -1.021234 0.981200 0.223169
v -1.000889 0.833758 -0.192523
v -1.007840 0.820753 -0.192523
v -0.951862 -0.199812 0.140213
v -0.999030 0.969332 0.223169
v -1.017194 0.809355 -0.192523
v -0.976797 -0.220276 0.140213
v -1.028593 0.800000 -0.192523
v -0.979567 0.953359 0.223169
v -0.957857 0.985793 0.102247
v -1.041597 0.793049 -0.192523
v -1.005245 -0.235482 0.140213
v -0.963595 0.933897 0.223169
v -0.957857 1.007054 0.113611
v -0.951726 0.911693 0.223169
v -0.957857 1.030122 0.120609
v -1.055708 0.788769 -0.192523
v -1.036113 -0.244846 0.140213
v -0.944418 0.887600 0.223169
v -0.957857 1.054113 0.122972
v -1.068215 -0.248007 0.140213
v -1.070383 0.787323 -0.192523
v -0.941950 0.862544 0.223169
v -0.957857 1.078104 0.120609
v -1.100317 -0.244846 0.140213
v -1.085058 0.788769 -0.192523
v -0.957857 1.101172 0.113611
v -0.944418 0.837488 0.223169
v -1.131185 -0.235482 0.140213
v -1.099169 0.793049 -0.192523
v -0.957857 1.122432 0.102247
v -1.159633 -0.220276 0.140213
v -0.951726 0.813394 0.223169
v -1.112173 0.800000 -0.192523
v -0.963595 0.791190 0.223169
v -1.123572 0.809355 -0.192523
v -1.184568 -0.199813 0.140213
v -0.957857 1.141067 0.086954
v -0.957857 1.156360 0.068319
v -1.205031 -0.174877 0.140213
v -0.979567 0.771728 0.223169
v -1.132926 0.820753 -0.192523
v -1.139877 0.833758 -0.192523
v -1.220237 -0.146429 0.140213
v -0.957857 1.167724 0.047059
v -1.229601 -0.115561 0.140213
v -1.144158 0.847869 -0.192523
v -1.232763 -0.083459 0.140213
v -1.229601 -0.051358 0.140213
v -0.957857 1.174722 0.023991
v -1.068215 0.128202 0.109151
v -1.145603 0.862544 -0.192523
v -1.026922 0.124135 0.109151
v -0.957857 1.177085 -0.000000
v -0.987216 0.112090 0.109151
v -0.957857 1.174722 -0.023991
v -1.161199 0.771728 0.223169
v -1.144158 0.877218 -0.192523
v -1.212099 0.070953 0.109151
v -0.957857 1.167724 -0.047059
v -1.177171 0.791190 0.223169
v -1.139877 0.891329 -0.192523
v -1.132926 0.904334 -0.192523
v -1.185808 0.092531 0.109151
v -1.189040 0.813394 0.223169
v -0.957857 1.156360 -0.068320
v -1.212099 0.070953 0.118632
v -1.123572 0.915732 -0.192523
v -1.196348 0.837488 0.223169
v -0.957857 1.141067 -0.086954
v -0.980832 0.108678 0.109151
v -1.112173 0.925087 -0.192523
v -1.198816 0.862544 0.223169
v -0.957857 1.122432 -0.102247
v -0.950622 0.092531 0.109151
v -1.099169 0.932038 -0.192523
v -0.957857 1.101172 -0.113611
v -1.149214 0.112090 0.109151
v -1.196348 0.887600 0.223169
v -1.085058 0.936318 -0.192523
v -1.161030 0.105774 0.109151
v -0.957857 1.078104 -0.120609
v -1.144158 0.847869 0.019862
v -1.189040 0.911693 0.223169
v -1.177171 0.933897 0.223169
v -0.896812 1.030122 -0.120609
v -1.139877 0.833758 0.019862
v -0.932406 0.077581 0.109151
v -0.896812 1.054113 -0.122972
v -0.932406 0.077581 0.118632
v -1.161199 0.953359 0.223169
v -1.000889 0.833758 0.019862
v -0.896812 1.007054 -0.113611
v -1.141737 0.969332 0.223169
v -0.996608 0.847869 0.019862
v -1.109508 0.124135 0.109151
v -0.896812 0.985793 -0.102247
v -1.119532 0.981200 0.223169
v -0.930436 0.054319 0.118632
v -1.145603 0.862544 0.019862
v -0.896812 0.967159 -0.086954
v -1.095439 0.988509 0.223169
v -1.007840 0.820753 0.019862
v -0.926771 0.011051 0.118632
v -0.896812 0.951865 -0.068320
v -0.925588 -0.002911 0.118632
v -0.896812 0.940502 -0.047059
v -1.223470 -0.031146 0.118632
v -1.224716 -0.026491 0.118632
v -1.144158 0.877218 0.019862
v -0.896812 0.933504 -0.023991
v -1.223751 -0.019034 0.118632
v -1.219043 0.017321 0.118632
v -1.017194 0.809355 0.019862
v -1.213306 0.061632 0.118632
v -0.896812 0.931141 -0.000000
v -1.223470 -0.031146 0.140213
v -1.139877 0.891329 0.019862
v -0.925588 -0.002911 0.140213
v -1.028593 0.800000 0.019862
v -0.923591 -0.026491 0.140213
v -0.896812 0.933504 0.023991
v -0.896812 0.940502 0.047059
v -1.181539 -0.187797 0.140213
v -1.132926 0.904334 0.019862
v -0.966767 -0.187797 0.140213
v -0.896812 0.951865 0.068319
v -1.123324 -0.187797 0.140213
v -1.041597 0.793049 0.019862
v -1.024982 -0.187797 0.140213
v -0.896812 0.967159 0.086954
v -1.158059 0.769151 0.203930
v -1.055708 0.936318 0.019862
v -1.158059 0.769151 0.211061
v -1.070383 0.937764 0.019862
v -1.158942 0.761820 0.191802
v -0.896812 0.985793 0.102247
v -1.158942 0.761820 0.179425
v -0.995553 0.750553 0.179425
v -0.896812 1.007054 0.113611
v -1.123572 0.915732 0.019862
v -0.998844 0.748794 0.179425
v -0.896812 1.030122 0.120609
v -0.979185 0.763986 0.179425
v -1.002462 0.870522 0.223169
v -1.055708 0.788769 0.019862
v -0.980677 0.770817 0.211061
v -0.896812 1.054113 0.122972
v -0.980677 0.770817 0.223169
v -1.041597 0.932038 0.019862
v -0.896812 1.078104 0.120609
v -1.145845 0.870522 0.223169
v -1.106980 0.870522 0.223169
v -1.112173 0.925087 0.019862
v -0.896812 1.101172 0.113611
v -0.980677 0.770817 0.203930
v -0.979185 0.763986 0.191802
v -1.070383 0.787323 0.019862
v -1.158059 0.769151 0.223169
v -1.028593 0.925087 0.019862
v -0.896812 1.122432 0.102247
v -1.041327 0.870522 0.223169
v -1.145213 0.750553 0.179425
v -1.099169 0.932038 0.019862
v -0.896812 1.141067 0.086954
v -1.138052 0.746726 0.179425
v -1.018839 0.738106 0.179425
v -1.085058 0.788769 0.019862
v -0.896812 1.156360 0.068319
v -1.070383 0.727853 0.179425
v -1.017194 0.915732 0.019862
v -1.096660 0.730442 0.179425
v -0.896812 1.167724 0.047059
v -1.044106 0.730442 0.179425
v -0.896812 1.174722 0.023991
v -1.121927 0.738106 0.179425
v -1.085058 0.936318 0.019862
v -0.896812 1.177085 -0.000000
v -1.099169 0.793049 0.019862
v -0.896812 1.174722 -0.023991
v -1.007840 0.904334 0.019862
v -1.112173 0.800000 0.019862
v -0.896812 1.167724 -0.047059
v -1.000889 0.891329 0.019862
v -0.896812 1.156360 -0.068320
v -1.123572 0.809355 0.019862
v -0.896812 1.141067 -0.086954
v -0.896812 1.122432 -0.102247
v -0.996608 0.877218 0.019862
v -0.896812 1.101172 -0.113611
v -1.132926 0.820753 0.019862
v -0.896812 1.078104 -0.120609
v -0.995163 0.862544 0.019862
v -0.880486 1.033876 -0.101737
v -1.070383 0.931474 0.037270
v -0.880486 1.054113 -0.103730
v -1.056935 0.930149 0.037270
v -0.880486 1.014417 -0.095834
v -1.044005 0.926227 0.037270
v -0.880486 0.996483 -0.086249
v -1.032087 0.919857 0.037270
v -0.880486 0.980764 -0.073348
v -1.021642 0.911285 0.037270
v -0.880486 0.967864 -0.057629
v -1.013070 0.900839 0.037270
v -0.880486 0.958279 -0.039696
v -1.006700 0.888922 0.037270
v -0.880486 0.952376 -0.020237
v -1.002777 0.875991 0.037270
v -0.880486 0.950383 -0.000000
v -1.001453 0.862544 0.037270
v -1.002777 0.849096 0.037270
v -0.880486 0.952376 0.020237
v -0.880486 0.958279 0.039696
v -1.006700 0.836165 0.037270
v -0.880486 0.967864 0.057629
v -1.013070 0.824248 0.037270
v -1.021642 0.813803 0.037270
v -0.880486 0.980764 0.073348
v -0.880486 0.996483 0.086249
v -1.032087 0.805230 0.037270
v -0.880486 1.014417 0.095834
v -1.044005 0.798860 0.037270
v -1.056935 0.794938 0.037270
v -0.880486 1.033876 0.101737
v -1.070383 0.793613 0.037270
v -0.880486 1.054113 0.103730
v -1.083831 0.794938 0.037270
v -0.880486 1.074350 0.101737
v -1.096761 0.798860 0.037270
v -0.880486 1.093809 0.095834
v -1.108679 0.805230 0.037270
v -0.880486 1.111742 0.086249
v -1.119124 0.813803 0.037270
v -0.880486 1.127461 0.073348
v -1.127696 0.824248 0.037270
v -0.880486 1.140361 0.057629
v -1.134066 0.836165 0.037270
v -0.880486 1.149947 0.039696
v -0.880486 1.155850 0.020237
v -1.137989 0.849096 0.037270
v -0.880486 1.157843 -0.000000
v -1.139313 0.862544 0.037270
v -1.137989 0.875991 0.037270
v -0.880486 1.155850 -0.020237
v -1.134066 0.888922 0.037270
v -0.880486 1.149947 -0.039696
v -1.127696 0.900839 0.037270
v -0.880486 1.140361 -0.057629
v -1.119124 0.911285 0.037270
v -0.880486 1.127461 -0.073348
v -1.108679 0.919857 0.037270
v -0.880486 1.111742 -0.086249
v -1.096761 0.926227 0.037270
v -0.880486 1.093809 -0.095834
v -0.880486 1.074350 -0.101737
v -1.083831 0.930149 0.037270
v -1.134066 0.836165 0.019862
v -1.002777 0.849096 0.019862
v -1.070383 0.931474 0.019862
v -1.137989 0.849096 0.019862
v -1.006700 0.836165 0.019862
v -1.139313 0.862544 0.019862
v -1.013070 0.824248 0.019862
v -1.137989 0.875991 0.019862
v -1.021642 0.813803 0.019862
v -1.134066 0.888922 0.019862
v -1.032087 0.805230 0.019862
v -1.127696 0.900839 0.019862
v -1.044005 0.798860 0.019862
v -1.056935 0.930149 0.019862
v -1.119124 0.911285 0.019862
v -1.056935 0.794938 0.019862
v -1.044005 0.926227 0.019862
v -1.108679 0.919857 0.019862
v -1.070383 0.793613 0.019862
v -1.032087 0.919857 0.019862
v -1.096761 0.926227 0.019862
v -1.083831 0.794938 0.019862
v -1.021642 0.911285 0.019862
v -1.083831 0.930149 0.019862
v -1.096761 0.798860 0.019862
v -1.013070 0.900839 0.019862
v -1.108679 0.805230 0.019862
v -1.006700 0.888922 0.019862
v -1.119124 0.813803 0.019862
v -1.002777 0.875991 0.019862
v -1.127696 0.824248 0.019862
v -1.001453 0.862544 0.019862
v -1.144158 0.847869 -0.053706
v -1.000889 0.833758 -0.053706
v -1.145603 0.862544 -0.053706
v -1.007840 0.820753 -0.053706
v -1.144158 0.877218 -0.053706
v -1.017194 0.809355 -0.053706
v -1.139877 0.891329 -0.053706
v -1.028593 0.800000 -0.053706
v -1.132926 0.904334 -0.053706
v -1.041597 0.793049 -0.053706
v -1.055708 0.936318 -0.053706
v -1.123572 0.915732 -0.053706
v -1.055708 0.788769 -0.053706
v -1.041597 0.932038 -0.053706
v -1.112173 0.925087 -0.053706
v -1.070383 0.787323 -0.053706
v -1.028593 0.925087 -0.053706
v -1.099169 0.932038 -0.053706
v -1.085058 0.788769 -0.053706
v -1.017194 0.915732 -0.053706
v -1.085058 0.936318 -0.053706
v -1.099169 0.793049 -0.053706
v -1.007840 0.904334 -0.053706
v -1.112173 0.800000 -0.053706
v -1.000889 0.891329 -0.053706
v -1.123572 0.809355 -0.053706
v -0.996608 0.877218 -0.053706
v -1.132926 0.820753 -0.053706
v -0.995163 0.862544 -0.053706
v -1.139877 0.833758 -0.053706
v -0.996608 0.847869 -0.053706
v -1.070383 0.937764 -0.053706
v -1.000889 0.966756 -0.036185
v -1.000889 0.961375 -0.018447
v -1.220145 0.923745 0.061405
v -1.219344 0.924245 0.061405
v -1.219921 0.924484 0.062526
v -1.190070 0.942516 0.061405
v -1.137726 0.963329 0.039223
v -1.142809 0.960157 0.039223
v -1.185743 0.939625 0.050944
v -1.185786 0.938631 0.049135
v -1.182940 0.946966 0.061405
v -1.212334 0.938678 0.080222
v -1.129634 0.968380 0.039223
v -1.139877 0.961625 -0.038547
v -1.139877 0.955893 -0.019651
v -1.204963 0.952467 0.090559
v -1.196833 0.962375 0.095498
v -1.139877 0.953957 0.000000
v -1.184834 0.976995 0.098738
v -1.167869 0.990918 0.097780
v -1.139877 0.955893 0.019651
v -1.133141 0.973932 -0.053706
v -1.132926 0.974087 -0.053706
v -1.129634 0.976457 -0.053706
v -1.160307 0.997124 0.096180
v -1.129634 1.012897 0.084668
v -1.132324 1.012082 0.085981
v -1.184249 0.936502 0.039223
v -1.182534 0.937481 0.039223
v -1.139877 0.955957 0.019862
v -1.158843 0.951004 0.039223
v -1.129634 0.961804 0.019862
v -1.132926 0.959925 0.019862
v -1.139877 0.969728 -0.053706
v -0.958258 0.939169 0.039223
v -0.957857 0.938125 0.039223
v -0.958627 0.942282 0.046322
v -1.000889 0.959558 -0.000000
v -1.000889 0.961375 0.018447
v -1.123572 0.961804 0.019862
v -1.112173 0.961804 0.019862
v -1.099169 0.961804 0.019862
v -1.085058 0.961804 0.019862
v -1.070383 0.961804 0.019862
v -1.000889 0.961804 0.019862
v -1.007840 0.961804 0.019862
v -1.055708 0.961804 0.019862
v -1.041597 0.961804 0.019862
v -1.028593 0.961804 0.019862
v -1.017194 0.961804 0.019862
v -0.999665 0.968380 0.039223
v -1.114222 0.968380 0.039223
v -1.026544 0.968380 0.039223
v -1.070383 0.968380 0.039223
v -1.091435 0.968380 0.039223
v -1.049331 0.968380 0.039223
v -0.986095 0.968380 0.039223
v -0.989769 0.975493 0.052532
v -0.997133 0.982776 0.061405
v -0.990047 0.982776 0.061405
v -0.969214 0.982776 0.061405
v -0.992508 0.979092 0.056916
v -0.969214 0.987895 0.067388
v -0.988798 1.001581 0.078619
v -0.980459 0.997124 0.074962
v -1.113049 1.017928 0.087357
v -1.027717 1.017928 0.087357
v -1.008443 1.012082 0.084232
v -1.101960 1.021292 0.088378
v -1.070383 1.024402 0.089321
v -1.038806 1.021292 0.088378
v -1.123572 0.976457 -0.053706
v -1.112173 0.976457 -0.053706
v -1.099169 0.976457 -0.053706
v -1.085058 0.976457 -0.053706
v -1.070383 0.976457 -0.053706
v -1.000889 0.975493 -0.052532
v -1.000889 0.976457 -0.053706
v -1.017194 0.976457 -0.053706
v -1.007840 0.976457 -0.053706
v -1.055708 0.976457 -0.053706
v -1.041597 0.976457 -0.053706
v -1.028593 0.976457 -0.053706
v -0.957857 0.978575 0.096323
v -0.955932 0.976995 0.095027
v -0.947859 0.967159 0.086954
v -0.957857 0.944256 0.054084
v -0.962831 0.962214 0.061405
v -0.957857 0.948170 0.061405
v -0.964698 0.968229 0.061405
v -0.957401 0.938125 0.039223
v -0.956939 0.940502 0.047059
v -0.942235 0.948170 0.061405
v -0.935481 0.951865 0.068319
v -0.933505 0.948170 0.061405
v -0.935803 0.952467 0.069053
v -1.129112 1.013056 0.105105
v -1.011654 1.013056 0.105105
v -1.006719 1.011160 0.105105
v -0.954885 0.975719 0.105105
v -0.935155 0.951255 0.105105
v -0.908659 0.863911 0.105105
v -0.912034 0.895436 0.105105
v -0.920446 0.801918 0.105105
v -0.911500 0.832334 0.105105
v -0.955060 0.749155 0.105105
v -0.935155 0.773832 0.105105
v -1.007230 0.713654 0.105105
v -0.979397 0.728835 0.105105
v -1.069015 0.700820 0.105105
v -1.037491 0.704194 0.105105
v -1.100592 0.703660 0.105105
v -1.131008 0.712607 0.105105
v -1.159095 0.727315 0.105105
v -1.183772 0.747220 0.105105
v -1.204092 0.771557 0.105105
v -1.219273 0.799391 0.105105
v -1.228732 0.829651 0.105105
v -1.232107 0.861176 0.105105
v -1.229266 0.892753 0.105105
v -1.228722 0.895469 0.105105
v -1.205628 0.951225 0.105105
v -1.200191 0.958282 0.105105
v -1.166122 0.992352 0.105105
v -1.041507 1.021558 0.107083
v -1.073085 1.024136 0.107083
v -1.101052 0.703706 0.105770
v -1.184129 0.747513 0.105770
v -1.037933 0.704060 0.105770
v -1.204385 0.771915 0.105770
v -1.228867 0.830093 0.105770
v -1.069475 0.700774 0.105770
v -0.955353 0.748798 0.105770
v -1.071877 1.024255 0.106199
v -1.219491 0.799798 0.105770
v -1.232152 0.861635 0.105770
v -1.131450 0.712741 0.105770
v -0.935372 0.773425 0.105770
v -1.007638 0.713436 0.105770
v -0.920580 0.801476 0.105770
v -0.911899 0.894994 0.105770
v -1.229221 0.893212 0.105770
v -0.911545 0.831875 0.105770
v -0.979754 0.728542 0.105770
v -1.159502 0.727533 0.105770
v -1.040334 1.021443 0.106224
v -0.908614 0.863452 0.105770
vn -0.0000 -0.0000 -1.0000
vn -0.8819 -0.4714 -0.0000
vn 0.9952 -0.0980 -0.0000
vn -0.9569 -0.2903 -0.0000
vn 0.9569 -0.2903 -0.0000
vn -0.9952 -0.0980 -0.0000
vn 0.8819 -0.4714 -0.0000
vn -0.9952 0.0980 -0.0000
vn 0.7730 -0.6344 -0.0000
vn -0.9569 0.2903 -0.0000
vn 0.6344 -0.7730 -0.0000
vn -0.8819 0.4714 -0.0000
vn 0.4714 -0.8819 -0.0000
vn 0.0980 0.9952 -0.0000
vn -0.7730 0.6344 -0.0000
vn 0.2903 -0.9569 -0.0000
vn 0.2903 0.9569 -0.0000
vn -0.6344 0.7730 -0.0000
vn 0.0980 -0.9952 -0.0000
vn 0.4714 0.8819 -0.0000
vn -0.4714 0.8819 -0.0000
vn -0.0980 -0.9952 -0.0000
vn 0.6344 0.7730 -0.0000
vn -0.0980 0.9952 -0.0000
vn -0.2903 -0.9569 -0.0000
vn 0.7730 0.6344 -0.0000
vn -0.2903 0.9569 -0.0000
vn -0.4714 -0.8819 -0.0000
vn 0.8819 0.4714 -0.0000
vn -0.6344 -0.7730 -0.0000
vn 0.9569 0.2903 -0.0000
vn -0.7730 -0.6344 -0.0000
vn 0.9952 0.0980 -0.0000
vn -0.0000 -0.0000 1.0000
vn -0.9928 0.1196 -0.0000
vn 0.9770 0.2135 -0.0000
vn -0.1802 0.0706 0.9811
vn -0.0000 0.2007 -0.9797
vn -0.0000 1.0000 -0.0000
vn 0.9980 0.0632 -0.0000
vn -0.9976 0.0698 -0.0000
vn 0.9977 0.0684 -0.0000
vn -0.4239 -0.1095 0.8991
vn -0.2792 -0.0267 0.9598
vn 0.9986 0.0526 -0.0000
vn -0.9975 0.0707 -0.0000
vn -0.0000 0.0551 -0.9985
vn 0.9998 0.0196 -0.0000
vn -0.9969 0.0787 -0.0000
vn -0.4097 -0.1319 0.9026
vn -0.0000 0.3009 -0.9537
vn -0.9917 0.1284 -0.0000
vn -0.9998 0.0196 -0.0000
vn -0.4416 -0.0609 0.8951
vn -0.0000 -1.0000 -0.0000
vn -0.1711 0.3897 0.9049
vn -0.4274 -0.0233 0.9038
vn 0.9964 0.0844 -0.0000
vn 0.9660 -0.2586 -0.0000
vn -0.9660 -0.2586 -0.0000
vn -0.8642 -0.2401 0.4422
vn 0.8642 -0.2401 0.4422
vn -0.0000 -0.4465 0.8948
vn 0.4299 -0.0411 0.9019
vn -0.0000 -0.0008 1.0000
vn 0.1711 0.3897 0.9049
vn 0.4416 -0.0609 0.8951
vn -0.0000 -0.0447 0.9990
vn 0.4093 -0.1382 0.9019
vn -0.0000 -0.1538 0.9881
vn 0.2792 -0.0318 0.9597
vn -0.0000 0.0051 1.0000
vn 0.4239 -0.1101 0.8990
vn -0.0000 -0.1406 0.9901
vn 0.1799 0.0881 0.9797
vn -0.8819 -0.4714 -0.0001
vn 0.7730 -0.6344 0.0001
vn 0.6344 -0.7730 0.0001
vn 0.4714 -0.8819 0.0001
vn 0.0980 0.9952 0.0001
vn 0.2903 -0.9569 0.0001
vn 0.0980 -0.9952 0.0002
vn -0.0980 -0.9952 0.0001
vn -0.0980 0.9952 0.0001
vn -0.2903 -0.9569 -0.0001
vn -0.4714 -0.8819 -0.0002
vn -0.6344 -0.7730 0.0001
vn -0.7730 -0.6344 0.0002
vn 0.8853 -0.0872 0.4567
vn -0.8513 -0.2582 0.4567
vn 0.8513 -0.2582 0.4567
vn -0.8853 -0.0872 0.4567
vn 0.7846 -0.4194 0.4567
vn -0.8853 0.0872 0.4567
vn 0.6877 -0.5644 0.4567
vn -0.8513 0.2582 0.4567
vn 0.5644 -0.6877 0.4567
vn -0.7846 0.4194 0.4567
vn 0.0872 0.8853 0.4567
vn -0.6877 0.5644 0.4567
vn 0.2582 0.8513 0.4567
vn -0.5644 0.6877 0.4567
vn 0.4194 0.7846 0.4567
vn -0.4194 0.7846 0.4567
vn 0.5644 0.6877 0.4567
vn -0.0872 0.8853 0.4567
vn 0.6877 0.5644 0.4567
vn -0.2582 0.8513 0.4567
vn 0.7846 0.4194 0.4567
vn -0.5644 -0.6877 0.4567
vn 0.8513 0.2582 0.4567
vn -0.6877 -0.5644 0.4567
vn 0.8853 0.0872 0.4567
vn -0.7846 -0.4194 0.4567
vn -0.0000 -0.0980 -0.9952
vn -0.0000 -0.2903 -0.9569
vn -0.0000 -0.4714 -0.8819
vn -0.0000 -0.6344 -0.7730
vn -0.0000 -0.7730 -0.6344
vn -0.0000 -0.8819 -0.4714
vn -0.0000 -0.9569 -0.2903
vn -0.0000 -0.9952 -0.0980
vn -0.0000 -0.9952 0.0980
vn -0.0000 -0.9569 0.2903
vn -0.0000 -0.8819 0.4714
vn -0.0000 -0.7730 0.6344
vn -0.0000 -0.6344 0.7730
vn -0.0000 -0.4714 0.8819
vn -0.0000 -0.2903 0.9569
vn -0.0000 -0.0980 0.9952
vn -0.0000 0.0980 0.9952
vn -0.0000 0.2903 0.9569
vn -0.0000 0.4714 0.8819
vn -0.0000 0.6344 0.7730
vn -0.0000 0.7730 0.6344
vn -0.0000 0.8819 0.4714
vn -0.0000 0.9569 0.2903
vn -0.0000 0.9952 0.0980
vn -0.0000 0.9952 -0.0980
vn -0.0000 0.9569 -0.2903
vn -0.0000 0.8819 -0.4714
vn -0.0000 0.7730 -0.6344
vn -0.0000 0.6344 -0.7730
vn -0.0000 0.4714 -0.8819
vn 0.5040 -0.2507 -0.8265
vn -0.0000 0.2903 -0.9569
vn -0.0000 0.0980 -0.9952
vn -0.3681 -0.8898 -0.2699
vn -1.0000 -0.0000 -0.0000
vn -0.3681 -0.0911 0.9253
vn -0.3681 0.9253 -0.0911
vn -0.3681 -0.4383 -0.8200
vn -0.3681 -0.7187 0.5899
vn -0.3681 0.7187 0.5899
vn -0.3681 0.4383 -0.8200
vn -0.3681 -0.9253 -0.0911
vn -0.3681 0.0911 0.9253
vn -0.3681 0.8898 -0.2699
vn -0.3681 -0.5899 -0.7187
vn -0.3681 -0.5899 0.7187
vn -0.3681 0.8200 0.4383
vn -0.3681 0.2699 -0.8898
vn -0.3681 -0.9253 0.0911
vn -0.3681 0.2699 0.8898
vn -0.3681 0.8200 -0.4383
vn -0.3681 -0.7187 -0.5899
vn -0.3681 -0.4383 0.8200
vn -0.3681 0.8898 0.2699
vn -0.3681 -0.0911 -0.9253
vn -0.3681 0.0911 -0.9253
vn -0.3681 -0.8898 0.2699
vn -0.3681 0.4383 0.8200
vn -0.3681 0.7187 -0.5899
vn -0.3681 -0.8200 -0.4383
vn -0.3681 -0.2699 0.8898
vn -0.3681 0.9253 0.0911
vn -0.3681 -0.2699 -0.8898
vn -0.3681 -0.8200 0.4383
vn -0.3681 0.5899 0.7187
vn -0.3681 0.5899 -0.7187
vn 0.4822 -0.7726 0.4130
vn 0.5362 0.5355 0.6525
vn 0.5362 0.5355 -0.6525
vn 0.4794 -0.8398 -0.2548
vn 0.5109 -0.0843 0.8555
vn 0.5482 0.8323 -0.0820
vn 0.4974 -0.4089 -0.7651
vn 0.4863 -0.6755 0.5543
vn 0.5409 0.6502 0.5336
vn 0.5307 0.3995 -0.7475
vn 0.4779 -0.8742 -0.0861
vn 0.5178 0.0839 0.8514
vn 0.5469 0.8011 -0.2430
vn 0.4914 -0.5525 -0.6732
vn 0.4914 -0.5525 0.6732
vn 0.5445 0.7397 0.3954
vn 0.5245 0.2472 -0.8148
vn 0.4779 -0.8742 0.0861
vn 0.5245 0.2472 0.8148
vn 0.5445 0.7397 -0.3954
vn 0.4863 -0.6755 -0.5543
vn 0.4974 -0.4089 0.7651
vn 0.5469 0.8011 0.2430
vn 0.5109 -0.0843 -0.8555
vn 0.5178 0.0839 -0.8514
vn 0.4794 -0.8398 0.2548
vn 0.5307 0.3995 0.7475
vn 0.5409 0.6502 -0.5336
vn 0.4822 -0.7726 -0.4130
vn 0.5040 -0.2507 0.8265
vn 0.5482 0.8323 0.0820
vn -0.9280 -0.3566 0.1082
vn -0.9280 0.3709 0.0365
vn -0.9280 -0.3287 0.1757
vn -0.9280 0.3709 -0.0365
vn -0.9280 -0.2881 0.2364
vn -0.9280 0.3566 -0.1082
vn -0.9280 -0.2364 0.2881
vn -0.9280 0.3287 -0.1757
vn -0.9280 -0.1757 0.3287
vn -0.9280 -0.0365 -0.3709
vn -0.9280 0.2881 -0.2364
vn -0.9280 -0.1082 0.3566
vn -0.9280 -0.1082 -0.3566
vn -0.9280 0.2364 -0.2881
vn -0.9280 -0.0365 0.3709
vn -0.9280 -0.1757 -0.3287
vn -0.9280 0.1757 -0.3287
vn -0.9280 0.0365 0.3709
vn -0.9280 -0.2364 -0.2881
vn -0.9280 0.1082 -0.3566
vn -0.9280 0.1082 0.3566
vn -0.9280 -0.2881 -0.2364
vn -0.9280 0.0365 -0.3709
vn -0.9280 0.1757 0.3287
vn -0.9280 -0.3287 -0.1757
vn -0.9280 0.2364 0.2881
vn -0.9280 -0.3566 -0.1082
vn -0.9280 0.2881 0.2364
vn -0.9280 -0.3709 -0.0365
vn -0.9280 0.3287 0.1757
vn -0.9280 -0.3709 0.0365
vn -0.9280 0.3566 0.1082
vn 0.7610 -0.0636 0.6457
vn 1.0000 -0.0000 -0.0000
vn 0.7610 -0.3058 -0.5722
vn 0.7610 0.3058 -0.5722
vn 0.7610 0.0636 0.6457
vn 0.7610 -0.4116 -0.5015
vn 0.7610 0.1883 -0.6208
vn 0.7610 0.1883 0.6208
vn 0.7610 -0.5015 -0.4116
vn 0.7610 0.0636 -0.6457
vn 0.7610 0.3058 0.5722
vn 0.7610 -0.5722 -0.3058
vn 0.7610 0.4116 0.5015
vn 0.7610 -0.6208 -0.1883
vn 0.7610 0.5015 0.4116
vn 0.7610 -0.6457 -0.0636
vn 0.7610 0.5722 0.3058
vn 0.7610 -0.6457 0.0636
vn 0.7610 0.6208 0.1883
vn 0.7610 -0.6208 0.1883
vn 0.7610 0.6457 0.0636
vn 0.7610 -0.5722 0.3058
vn 0.7610 0.6457 -0.0636
vn 0.7610 -0.5015 0.4116
vn 0.7610 0.6208 -0.1883
vn 0.7610 -0.4116 0.5015
vn 0.7610 0.5722 -0.3058
vn 0.7610 -0.3058 0.5722
vn 0.7610 -0.0636 -0.6457
vn 0.7610 0.5015 -0.4116
vn 0.7610 -0.1883 0.6208
vn 0.7610 -0.1883 -0.6208
vn 0.7610 0.4116 -0.5015
vn -0.0954 -0.9681 -0.2316
vn 0.6171 0.7520 -0.2316
vn -0.2824 -0.9309 -0.2316
vn 0.7520 0.6171 -0.2316
vn -0.4586 -0.8579 -0.2316
vn 0.8579 0.4586 -0.2316
vn -0.6171 -0.7520 -0.2316
vn 0.9309 0.2824 -0.2316
vn -0.7520 -0.6171 -0.2316
vn 0.9681 0.0954 -0.2316
vn -0.8579 -0.4586 -0.2316
vn 0.9681 -0.0954 -0.2316
vn -0.9309 -0.2824 -0.2316
vn 0.9309 -0.2824 -0.2316
vn -0.9681 -0.0954 -0.2316
vn 0.8579 -0.4586 -0.2316
vn -0.9681 0.0954 -0.2316
vn 0.7520 -0.6171 -0.2316
vn -0.9309 0.2824 -0.2316
vn 0.6171 -0.7520 -0.2316
vn -0.8579 0.4586 -0.2316
vn 0.4586 -0.8579 -0.2316
vn -0.7520 0.6172 -0.2316
vn 0.2824 -0.9309 -0.2316
vn 0.0954 -0.9681 -0.2316
vn 0.4586 0.8580 -0.2315
vn 0.2303 -0.1890 -0.9546
vn 0.2627 -0.1404 -0.9546
vn 0.2851 -0.0865 -0.9546
vn 0.2965 -0.0292 -0.9546
vn 0.2965 0.0292 -0.9546
vn 0.2851 0.0865 -0.9546
vn 0.2627 0.1404 -0.9546
vn -0.0292 0.2965 -0.9546
vn 0.2303 0.1890 -0.9546
vn -0.0865 0.2851 -0.9546
vn 0.1890 0.2303 -0.9546
vn -0.1404 0.2627 -0.9546
vn 0.1404 0.2627 -0.9546
vn -0.1890 0.2303 -0.9546
vn 0.0865 0.2851 -0.9546
vn -0.2303 0.1890 -0.9546
vn 0.1890 -0.2303 -0.9546
vn 0.1404 -0.2627 -0.9546
vn 0.0865 -0.2851 -0.9546
vn 0.0292 -0.2965 -0.9546
vn -0.0292 -0.2965 -0.9546
vn -0.0865 -0.2851 -0.9546
vn -0.1404 -0.2627 -0.9546
vn -0.1890 -0.2303 -0.9546
vn -0.2303 -0.1890 -0.9546
vn -0.2627 -0.1404 -0.9546
vn -0.2851 -0.0865 -0.9546
vn -0.2965 -0.0292 -0.9546
vn -0.2965 0.0292 -0.9546
vn -0.2851 0.0865 -0.9546
vn -0.2627 0.1404 -0.9546
vn 0.0292 0.2965 -0.9546
vt 0.296822 0.485388
vt 0.250000 0.490000
vt 0.341844 0.471731
vt 0.116663 0.449553
vt 0.080294 0.419706
vt 0.050447 0.383337
vt 0.028269 0.341844
vt 0.014612 0.296822
vt 0.010000 0.250000
vt 0.014612 0.203178
vt 0.028269 0.158156
vt 0.050447 0.116663
vt 0.080294 0.080294
vt 0.116663 0.050447
vt 0.158156 0.028269
vt 0.203178 0.014612
vt 0.250000 0.010000
vt 0.296822 0.485388
vt 0.250000 0.490000
vt 0.086851 0.425087
vt 0.086851 0.425087
vt 0.302560 0.467862
vt 0.269133 0.464570
vt 0.096009 0.432602
vt 0.041973 0.367482
vt 0.025259 0.331922
vt 0.023554 0.326301
vt 0.023554 0.326301
vt 0.034042 0.333091
vt 0.088722 0.097819
vt 0.137176 0.097819
vt 0.128881 0.097819
vt 0.077569 0.097819
vt 0.375000 0.226882
vt 0.375000 0.250000
vt 0.375000 0.190909
vt 0.375000 0.204227
vt 0.415824 0.430183
vt 0.439246 0.500000
vt 0.375000 0.500000
vt 0.375000 0.416667
vt 0.412757 0.416667
vt 0.375000 0.581707
vt 0.375000 0.729754
vt 0.375000 0.750000
vt 0.375000 0.559091
vt 0.375000 0.916667
vt 0.625000 0.916667
vt 0.625000 1.000000
vt 0.375000 1.000000
vt 0.375000 0.416667
vt 0.375000 0.500000
vt 0.791667 0.729754
vt 0.791667 0.750000
vt 0.791667 0.581707
vt 0.791667 0.581707
vt 0.375000 0.559091
vt 0.375000 0.658918
vt 0.375000 0.559091
vt 0.375000 0.728470
vt 0.375000 0.696357
vt 0.375000 0.909490
vt 0.375000 0.916667
vt 0.375000 0.727512
vt 0.375000 0.740757
vt 0.375000 0.175738
vt 0.375000 0.000000
vt 0.375000 0.175738
vt 0.291667 0.500000
vt 0.291667 0.559091
vt 0.375000 0.021530
vt 0.375000 0.549094
vt 0.375000 0.515769
vt 0.375000 0.523118
vt 0.375000 0.545773
vt 0.375000 0.500000
vt 0.375000 0.020246
vt 0.375000 0.168292
vt 0.346796 0.559091
vt 0.375000 0.574262
vt 0.375000 0.574262
vt 0.375000 0.729185
vt 0.375000 0.608794
vt 0.291667 0.750000
vt 0.291667 0.614876
vt 0.375000 0.614876
vt 0.375000 0.135124
vt 0.375000 0.173881
vt 0.125000 0.750000
vt 0.208333 0.750000
vt 0.375000 0.833333
vt 0.125000 0.614876
vt 0.208333 0.614876
vt 0.164077 0.559091
vt 0.125000 0.559091
vt 0.125000 0.559091
vt 0.208333 0.559091
vt 0.208333 0.559091
vt 0.214354 0.559091
vt 0.288336 0.559091
vt 0.269552 0.559091
vt 0.251114 0.559091
vt 0.232778 0.559091
vt 0.125000 0.500000
vt 0.208333 0.500000
vt 0.375000 0.333333
vt 0.375000 0.833333
vt 0.375000 0.833333
vt 0.375000 0.333333
vt 0.375000 0.818980
vt 0.708333 0.750000
vt 0.625000 0.750000
vt 0.625000 0.584390
vt 0.634872 0.581707
vt 0.708333 0.581707
vt 0.625000 0.833333
vt 0.415824 0.304694
vt 0.409151 0.333333
vt 0.435469 0.250000
vt 0.394122 0.402711
vt 0.394122 0.344305
vt 0.380758 0.358771
vt 0.376245 0.373234
vt 0.380758 0.387854
vt 0.014412 0.205206
vt 0.014479 0.204525
vt 0.029230 0.156359
vt 0.028907 0.156963
vt 0.015004 0.201884
vt 0.015203 0.201228
vt 0.027677 0.160106
vt 0.027876 0.159451
vt 0.010133 0.248654
vt 0.010200 0.247972
vt 0.049487 0.118460
vt 0.049810 0.117856
vt 0.014479 0.295475
vt 0.014412 0.294794
vt 0.079002 0.081870
vt 0.079436 0.081340
vt 0.115088 0.051740
vt 0.115617 0.051306
vt 0.015218 0.298821
vt 0.156359 0.029230
vt 0.156963 0.028907
vt 0.049463 0.381494
vt 0.201228 0.015203
vt 0.201884 0.015004
vt 0.292816 0.485783
vt 0.294556 0.485612
vt 0.057523 0.391959
vt 0.247972 0.010200
vt 0.248654 0.010133
vt 0.337082 0.473176
vt 0.108041 0.442477
vt 0.205206 0.014412
vt 0.204525 0.014479
vt 0.327974 0.470365
vt 0.160106 0.027677
vt 0.159451 0.027876
vt 0.254006 0.489605
vt 0.252215 0.489782
vt 0.118460 0.049487
vt 0.117856 0.049810
vt 0.078741 0.417813
vt 0.337082 0.473176
vt 0.049487 0.381540
vt 0.081870 0.079002
vt 0.081340 0.079436
vt 0.015203 0.298772
vt 0.015004 0.298116
vt 0.051306 0.115617
vt 0.051740 0.115088
vt 0.010200 0.252028
vt 0.010133 0.251346
vt 0.092200 0.070524
vt 0.092200 0.070524
vt 0.116663 0.050447
vt 0.087497 0.074383
vt 0.087497 0.074383
vt 0.122526 0.047313
vt 0.129422 0.043628
vt 0.082369 0.078592
vt 0.086162 0.075479
vt 0.071429 0.264909
vt 0.105739 0.264909
vt 0.110062 0.264909
vt 0.079343 0.264909
vt 0.082369 0.078592
vt 0.086162 0.075479
vt 1.000000 0.697489
vt 1.000000 0.755641
vt 0.968750 0.755641
vt 0.968750 0.697489
vt 0.937500 0.755641
vt 0.937500 0.697489
vt 0.906250 0.755641
vt 0.906250 0.697489
vt 0.875000 0.755641
vt 0.875000 0.697489
vt 0.843750 0.755641
vt 0.843750 0.697489
vt 0.812500 0.755641
vt 0.812500 0.697489
vt 0.781250 0.755641
vt 0.781250 0.697489
vt 0.750000 0.755641
vt 0.750000 0.697489
vt 0.718750 0.755641
vt 0.718750 0.697489
vt 0.687500 0.755641
vt 0.687500 0.697489
vt 0.656250 0.755641
vt 0.656250 0.697489
vt 0.625000 0.755641
vt 0.625000 0.697489
vt 0.593750 0.755641
vt 0.593750 0.697489
vt 0.562500 0.755641
vt 0.562500 0.697489
vt 0.531250 0.755641
vt 0.531250 0.697489
vt 0.500000 0.755641
vt 0.500000 0.697489
vt 0.468750 0.755641
vt 0.468750 0.697489
vt 0.437500 0.755641
vt 0.437500 0.697489
vt 0.406250 0.755641
vt 0.406250 0.697489
vt 0.375000 0.755641
vt 0.375000 0.697489
vt 0.343750 0.755641
vt 0.343750 0.697489
vt 0.312500 0.755641
vt 0.312500 0.697489
vt 0.281250 0.755641
vt 0.281250 0.697489
vt 0.250000 0.755641
vt 0.250000 0.697489
vt 0.218750 0.755641
vt 0.218750 0.697489
vt 0.187500 0.755641
vt 0.187500 0.697489
vt 0.156250 0.755641
vt 0.156250 0.697489
vt 0.125000 0.755641
vt 0.125000 0.697489
vt 0.093750 0.755641
vt 0.093750 0.697489
vt 0.062500 0.755641
vt 0.062500 0.697489
vt 0.031250 0.755641
vt 0.031250 0.697489
vt 0.000000 0.755641
vt 0.000000 0.697489
vt 0.658156 0.471731
vt 0.703178 0.485388
vt 0.750000 0.490000
vt 0.796822 0.485388
vt 0.841844 0.471731
vt 0.883337 0.449553
vt 0.919706 0.419706
vt 0.949553 0.383337
vt 0.971731 0.341844
vt 0.985388 0.296822
vt 0.990000 0.250000
vt 0.985388 0.203178
vt 0.971731 0.158156
vt 0.949553 0.116663
vt 0.919706 0.080294
vt 0.883337 0.050447
vt 0.841844 0.028269
vt 0.796822 0.014612
vt 0.750000 0.010000
vt 0.703178 0.014612
vt 0.658156 0.028269
vt 0.616663 0.050447
vt 0.580294 0.080294
vt 0.550447 0.116663
vt 0.528269 0.158156
vt 0.514612 0.203178
vt 0.510000 0.250000
vt 0.514612 0.296822
vt 0.528269 0.341844
vt 0.550447 0.383337
vt 0.580294 0.419706
vt 0.616663 0.449553
vt 0.681691 0.755641
vt 0.685415 0.755641
vt 0.684930 0.755641
vt 0.669040 0.755641
vt 0.671913 0.755641
vt 0.681910 0.755641
vt 0.682151 0.755641
vt 0.680721 0.755641
vt 0.637381 0.755641
vt 0.608551 0.755641
vt 0.718750 0.755641
vt 0.846311 0.755641
vt 0.843898 0.755641
vt 0.843750 0.755641
vt 0.572539 0.755641
vt 0.572117 0.755641
vt 0.587202 0.755641
vt 0.717028 0.755641
vt 0.716256 0.755641
vt 0.692959 0.755641
vt 0.699562 0.755641
vt 0.699982 0.755641
vt 0.718409 0.755641
vt 0.839776 0.755641
vt 0.687500 0.755641
vt 0.698115 0.755641
vt 0.697702 0.755641
vt 0.716256 0.755641
vt 0.716256 0.755641
vt 0.716256 0.755641
vt 0.716256 0.755641
vt 0.681691 0.755641
vt 0.681691 0.755641
vt 0.681691 0.755641
vt 0.681691 0.755641
vt 0.646688 0.755641
vt 0.636898 0.755641
vt 0.636898 0.755641
vt 0.623598 0.755641
vt 0.593750 0.755641
vt 0.603471 0.755641
vt 0.573677 0.755641
vt 0.556574 0.755641
vt 0.556574 0.755641
vt 0.551095 0.755641
vt 0.846311 0.755641
vt 0.846311 0.755641
vt 0.846311 0.755641
vt 0.608505 0.755641
vt 0.605856 0.755641
vt 0.677175 0.755641
vt 0.666413 0.755641
vt 0.651236 0.755641
vt 0.698115 0.755641
vt 0.666414 0.755641
vt 0.666413 0.755641
vt 0.655020 0.755641
vt 0.383337 0.449553
vt 0.203178 0.485388
vt 0.158156 0.471731
vt 0.296822 0.014612
vt 0.341844 0.028269
vt 0.383337 0.050447
vt 0.419706 0.080294
vt 0.449553 0.116663
vt 0.471731 0.158156
vt 0.485388 0.203178
vt 0.490000 0.250000
vt 0.485388 0.296822
vt 0.471731 0.341844
vt 0.449553 0.383337
vt 0.419706 0.419706
vt 0.968750 0.886504
vt 1.000000 0.887962
vt 1.000000 0.912340
vt 0.968750 0.912340
vt 0.937500 0.880101
vt 0.957338 0.884928
vt 0.940805 0.912340
vt 0.937500 0.912340
vt 0.906250 0.912340
vt 0.906250 0.865783
vt 0.915562 0.871432
vt 0.937500 0.915396
vt 0.935575 0.912340
vt 0.877453 0.898777
vt 0.891923 0.854084
vt 0.906250 0.915396
vt 0.875000 0.915396
vt 0.875000 0.912340
vt 0.875000 0.896774
vt 0.843750 0.912340
vt 0.843750 0.856656
vt 0.862468 0.884306
vt 0.873374 0.912340
vt 0.843078 0.855524
vt 0.843750 0.915396
vt 0.842397 0.912340
vt 0.812500 0.912340
vt 0.812500 0.844844
vt 0.838951 0.844844
vt 0.781250 0.912340
vt 0.781250 0.844844
vt 0.782604 0.912340
vt 0.750000 0.912340
vt 0.750000 0.844844
vt 0.751354 0.912340
vt 0.718750 0.912340
vt 0.718750 0.844844
vt 0.720104 0.912340
vt 0.687500 0.912340
vt 0.687500 0.844844
vt 0.688854 0.912340
vt 0.656250 0.912340
vt 0.656250 0.844844
vt 0.657604 0.912340
vt 0.625000 0.912340
vt 0.625000 0.844844
vt 0.626354 0.912340
vt 0.595104 0.912340
vt 0.593750 0.912340
vt 0.593750 0.844844
vt 0.563854 0.912340
vt 0.562500 0.912340
vt 0.562500 0.844844
vt 0.532604 0.912340
vt 0.531250 0.912340
vt 0.531250 0.844844
vt 0.501354 0.912340
vt 0.500000 0.912340
vt 0.500000 0.844844
vt 0.470104 0.912340
vt 0.468750 0.912340
vt 0.468750 0.844844
vt 0.438854 0.912340
vt 0.437500 0.912340
vt 0.437500 0.844844
vt 0.407604 0.912340
vt 0.406250 0.912340
vt 0.406250 0.844844
vt 0.376354 0.912340
vt 0.375000 0.912340
vt 0.375000 0.844844
vt 0.343750 0.844844
vt 0.345104 0.912340
vt 0.343750 0.912340
vt 0.312500 0.844844
vt 0.313854 0.912340
vt 0.312500 0.912340
vt 0.281250 0.844844
vt 0.282604 0.912340
vt 0.281250 0.912340
vt 0.250000 0.844844
vt 0.251354 0.912340
vt 0.250000 0.912340
vt 0.218750 0.844844
vt 0.220104 0.912340
vt 0.218750 0.912340
vt 0.187500 0.846575
vt 0.188261 0.844844
vt 0.218750 0.915396
vt 0.217362 0.912340
vt 0.187500 0.912340
vt 0.156250 0.915396
vt 0.156250 0.912340
vt 0.156250 0.889873
vt 0.171649 0.873908
vt 0.157638 0.912340
vt 0.125000 0.902506
vt 0.143628 0.897502
vt 0.148841 0.912340
vt 0.125000 0.912340
vt 0.093750 0.898556
vt 0.103385 0.901026
vt 0.101159 0.912340
vt 0.093750 0.912340
vt 0.062500 0.882803
vt 0.062500 0.912340
vt 0.031250 0.886504
vt 0.042662 0.884928
vt 0.059732 0.880775
vt 0.059195 0.912340
vt 0.031250 0.912340
vt 0.000000 0.887962
vt 0.000000 0.912340
vt 0.222730 0.844844
vt 0.906250 0.844844
vt 0.643571 0.844844
vt 0.187746 0.844844
vt 0.195619 0.844844
vt 0.875000 0.844844
vt 0.875000 0.844844
vt 0.620359 0.844844
vt 0.722730 0.844844
vt 0.167363 0.844844
vt 0.169039 0.844844
vt 0.187500 0.844844
vt 0.843750 0.844844
vt 0.843750 0.844844
vt 0.856168 0.844844
vt 0.695619 0.844844
vt 0.437500 0.844844
vt 0.156250 0.844844
vt 0.669039 0.844844
vt 0.892954 0.844844
vt 0.901294 0.844844
vt 0.845422 0.844844
vt 0.843837 0.844844
vt 0.845806 0.844844
vt 0.849944 0.844844
vt 0.848595 0.844844
vt 0.158331 0.844844
vt 0.157229 0.844844
vt 0.147562 0.844844
vt 0.912932 0.844844
vt 0.281250 0.844844
vt 0.343750 0.844844
vt 0.732708 0.844844
vt 0.715974 0.844844
vt 0.232708 0.844844
vt 0.215974 0.844844
vt 0.157030 0.844844
vt 0.593750 0.844844
vt 1.000000 0.844844
vt 0.968750 0.844844
vt 0.136625 0.844844
vt 0.156250 0.844844
vt 0.562500 0.844844
vt 0.937500 0.844844
vt 0.122246 0.844844
vt 0.116382 0.844844
vt 0.125000 0.844844
vt 0.125000 0.844844
vt 0.093750 0.844844
vt 0.062500 0.844844
vt 0.031250 0.844844
vt 0.843750 0.844844
vt 0.250000 0.844844
vt 0.656250 0.844844
vt 0.625000 0.844844
vt 0.593750 0.844844
vt 0.156250 0.844844
vt 1.000000 0.844844
vt 0.531250 0.844844
vt 0.093750 0.844844
vt 0.500000 0.844844
vt 0.468750 0.844844
vt 0.031250 0.844844
vt 0.000000 0.844844
vt 0.000000 0.844844
vt 0.375000 0.844844
vt 0.781250 0.844844
vt 0.343750 0.844844
vt 0.750000 0.844844
vt 0.411374 0.844844
vt 0.835353 0.844844
vt 0.388779 0.844844
vt 0.307169 0.844844
vt 0.807169 0.844844
vt 0.687500 0.844844
vt 0.362806 0.844844
vt 0.250000 0.844844
vt 0.278637 0.844844
vt 0.778637 0.844844
vt 0.335353 0.844844
vt 0.906250 0.844844
vt 0.875000 0.844844
vt 0.906250 0.844844
vt 0.937500 0.844844
vt 0.562500 0.844844
vt 0.593750 0.844844
vt 0.862806 0.844844
vt 0.888779 0.844844
vt 0.468750 0.844844
vt 0.911374 0.844844
vt 0.937500 0.844844
vt 0.187500 0.844844
vt 0.843750 0.844844
vt 0.156250 0.844844
vt 0.156250 0.844844
vt 0.812500 0.844844
vt 0.812500 0.844844
s 0
f 1038/773/395 817/774/395 823/773/395 831/775/395 839/776/395 846/777/395 853/778/395 860/779/395 867/780/395 874/781/395 881/782/395 888/783/395 895/784/395 903/785/395 911/786/395 914/787/395 927/788/395 928/789/395 941/788/395 944/787/395 954/786/395 960/785/395 969/784/395 972/783/395 978/782/395 984/781/395 993/780/395 998/779/395 1007/778/395 1016/777/395 1021/776/395 1032/775/395
f 972/783/396 969/784/396 1178/784/396 1184/783/396
f 881/782/397 874/781/397 1084/781/397 1097/782/397
f 978/782/398 972/783/398 1184/783/398 1195/782/398
f 888/783/399 881/782/399 1097/782/399 1100/783/399
f 984/781/400 978/782/400 1195/782/400 1207/781/400
f 895/784/401 888/783/401 1100/783/401 1105/784/401
f 993/780/402 984/781/402 1207/781/402 1208/780/402
f 903/785/403 895/784/403 1105/784/403 1114/785/403
f 998/779/404 993/780/404 1208/780/404 1220/779/404
f 911/786/405 903/785/405 1114/785/405 1120/786/405
f 1007/778/406 998/779/406 1220/779/406 1222/778/406
f 914/787/407 911/786/407 1120/786/407 1126/787/407
f 1454/790/408 823/773/408 817/774/408 1452/791/408
f 1016/777/409 1007/778/409 1222/778/409 1229/777/409
f 927/788/410 914/787/410 1126/787/410 1135/788/410
f 1456/775/411 831/775/411 823/773/411 1454/790/411
f 1460/792/412 1465/776/412 1021/776/412 1016/777/412 1229/777/412 1468/793/412
f 928/789/413 927/788/413 1135/788/413 1143/789/413
f 839/776/414 831/775/414 1456/775/414 1472/794/414 1476/776/414
f 1482/795/415 1479/775/415 1032/775/415 1021/776/415 1465/776/415
f 941/788/416 928/789/416 1143/789/416 1151/788/416
f 1489/796/417 1491/796/417 1067/777/417 846/777/417 839/776/417 1476/776/417
f 1452/791/418 817/774/418 1038/773/418 1497/773/418
f 944/787/419 941/788/419 1151/788/419 1161/787/419
f 853/778/420 846/777/420 1067/777/420 1069/778/420
f 1497/773/421 1038/773/421 1032/775/421 1479/775/421
f 954/786/422 944/787/422 1161/787/422 1165/786/422
f 860/779/423 853/778/423 1069/778/423 1076/779/423
f 960/785/424 954/786/424 1165/786/424 1168/785/424
f 867/780/425 860/779/425 1076/779/425 1083/780/425
f 969/784/426 960/785/426 1168/785/426 1178/784/426
f 874/781/427 867/780/427 1083/780/427 1084/781/427
f 1151/788/428 1143/789/428 1332/789/428 1337/788/428
f 1067/777/428 1491/796/428 1500/777/428
f 1161/787/428 1151/788/428 1337/788/428 1338/787/428
f 1069/778/428 1067/777/428 1500/777/428 1505/778/428
f 1165/786/428 1161/787/428 1338/787/428 1340/786/428
f 1507/797/428 1265/779/428 1076/779/428 1069/778/428 1505/778/428
f 1168/785/428 1165/786/428 1340/786/428 1345/785/428
f 1083/780/428 1076/779/428 1265/779/428 1273/780/428
f 1178/784/428 1168/785/428 1345/785/428 1349/784/428
f 1084/781/428 1083/780/428 1273/780/428 1278/781/428
f 1184/783/428 1178/784/428 1349/784/428 1356/783/428
f 1097/782/428 1084/781/428 1278/781/428 1286/782/428
f 1195/782/428 1184/783/428 1356/783/428 1364/782/428
f 1100/783/428 1097/782/428 1286/782/428 1298/783/428
f 1207/781/428 1195/782/428 1364/782/428 1372/781/428
f 1105/784/428 1100/783/428 1298/783/428 1303/784/428
f 1208/780/428 1207/781/428 1372/781/428 1377/780/428
f 1114/785/428 1105/784/428 1303/784/428 1310/785/428
f 1510/798/428 1513/779/428 1220/779/428 1208/780/428 1377/780/428 1509/799/428
f 1120/786/428 1114/785/428 1310/785/428 1317/786/428
f 1514/778/428 1222/778/428 1220/779/428 1513/779/428
f 1126/787/428 1120/786/428 1317/786/428 1325/787/428
f 1516/777/428 1229/777/428 1222/778/428 1514/778/428
f 1135/788/428 1126/787/428 1325/787/428 1329/788/428
f 1229/777/428 1516/777/428 1468/793/428
f 1143/789/428 1135/788/428 1329/788/428 1332/789/428
f 1349/784/426 1345/785/426 1438/785/426 1441/784/426
f 1278/781/427 1273/780/427 1384/780/427 1390/781/427
f 1356/783/396 1349/784/396 1441/784/396 1445/783/396
f 1286/782/397 1278/781/397 1390/781/397 1392/782/397
f 1364/782/398 1356/783/398 1445/783/398 1447/782/398
f 1298/783/399 1286/782/399 1392/782/399 1396/783/399
f 1372/781/400 1364/782/400 1447/782/400 1449/781/400
f 1303/784/401 1298/783/401 1396/783/401 1400/784/401
f 1377/780/402 1372/781/402 1449/781/402 1450/780/402
f 1310/785/403 1303/784/403 1400/784/403 1405/785/403
f 1377/780/404 1450/780/404 1518/800/404 1509/799/404
f 1317/786/405 1310/785/405 1405/785/405 1408/786/405
f 1325/787/407 1317/786/407 1408/786/407 1413/787/407
f 1329/788/410 1325/787/410 1413/787/410 1419/788/410
f 1332/789/413 1329/788/413 1419/788/413 1422/789/413
f 1337/788/416 1332/789/416 1422/789/416 1426/788/416
f 1338/787/419 1337/788/419 1426/788/419 1430/787/419
f 1340/786/422 1338/787/422 1430/787/422 1433/786/422
f 1381/779/423 1265/779/423 1507/797/423 1520/797/423
f 1345/785/424 1340/786/424 1433/786/424 1438/785/424
f 1273/780/425 1265/779/425 1381/779/425 1384/780/425
f 1518/800/428 1450/780/428 1449/781/428 1447/782/428 1445/783/428 1441/784/428 1438/785/428 1433/786/428 1430/787/428 1426/788/428 1422/789/428 1419/788/428 1413/787/428 1408/786/428 1405/785/428 1400/784/428 1396/783/428 1392/782/428 1390/781/428 1384/780/428 1381/779/428 1520/797/428 1522/801/428 1527/802/428 1531/803/428 1529/804/428 1525/805/428
f 1537/806/429 1539/807/429 838/807/429 990/808/429 1535/808/429 1533/809/429
f 1540/810/395 1545/811/395 864/812/395 1144/813/395 1543/814/395
f 1550/815/430 1546/815/430 857/816/430 849/817/430 1004/818/430 1548/818/430
f 1173/819/431 1196/820/431 827/821/431 821/822/431
f 1232/823/432 904/824/432 899/812/432 1201/813/432
f 827/825/433 1196/826/433 1554/827/433 1553/828/433
f 1025/829/434 891/817/434 946/830/434 1049/829/434
f 1041/808/435 910/807/435 885/807/435 1014/808/435
f 1028/831/436 923/832/436 891/833/436 1025/829/436
f 1226/834/437 918/822/437 878/822/437 1217/835/437
f 1173/819/438 821/822/438 918/822/438 1226/834/438
f 1004/818/439 849/817/439 923/836/439 1028/831/439
f 990/808/440 838/807/440 910/807/440 1041/808/440
f 1144/813/441 864/812/441 904/824/441 1232/823/441
f 1049/829/442 946/817/442 976/837/442 1057/829/442
f 1014/808/443 885/808/443 938/807/443 1047/808/443
f 1217/835/444 878/822/444 934/822/444 1247/819/444
f 1201/813/445 899/812/445 949/812/445 1239/813/445
f 1513/838/446 1510/838/446 1062/839/446 958/839/446 1054/808/446 1460/808/446 1468/840/446 1516/840/446 1514/838/446
f 1047/808/447 938/807/447 966/807/447 1054/808/447
f 1247/819/448 934/822/448 958/822/448 1267/819/448
f 1239/813/395 949/812/395 981/812/395 1255/813/395
f 934/839/447 1047/808/447 1054/808/447 958/839/447
f 1255/841/449 981/841/449 1057/842/449 1284/842/449
f 878/839/443 1014/808/443 1047/808/443 934/839/443
f 949/812/442 1049/829/442 1057/829/442 981/812/442
f 821/839/440 990/808/440 1041/808/440 918/843/440
f 864/812/439 1004/818/439 1028/844/439 904/824/439
f 904/824/436 1028/831/436 1025/845/436 899/812/436
f 918/843/435 1041/808/435 1014/808/435 878/839/435
f 899/812/434 1025/829/434 1049/812/434 949/812/434
f 1558/846/430 1557/847/430 1548/818/430 1004/818/430 864/812/430 1545/848/430
f 1535/808/429 990/808/429 821/839/429 827/849/429 1553/850/429 1560/850/429
f 1308/819/450 1062/822/450 1109/822/450 1343/819/450
f 1267/819/451 958/822/451 1062/822/451 1308/819/451
f 1476/851/395 1472/842/395 1284/842/395 1057/829/395 1489/829/395
f 1505/852/452 1500/853/452 1491/853/452 1489/829/452 1057/829/452 976/817/452 1072/854/452 1522/855/452 1520/855/452 1507/852/452
f 1093/856/449 1334/856/449 1531/857/449 1527/857/449
f 1522/858/453 1072/817/453 1093/817/453 1527/858/453
f 1518/859/454 1525/859/454 1088/839/454 1062/839/454 1510/860/454 1509/860/454
f 1343/819/428 1109/822/428 1130/822/428 1362/819/428
f 1062/839/455 1088/839/455 1130/839/455 1109/839/455
f 1093/817/456 1072/817/456 1118/817/456 1137/817/456
f 1334/856/457 1093/817/457 1137/817/457 1368/856/457
f 1088/861/457 1330/862/457 1362/862/457 1130/861/457
f 1330/862/457 1334/856/457 1368/856/457 1362/862/457
f 1118/817/428 1353/863/428 1368/863/428 1137/817/428
f 1353/863/428 1343/819/428 1362/819/428 1368/863/428
f 1330/861/449 1088/861/449 1525/864/449 1529/864/449
f 1334/862/449 1330/862/449 1529/865/449 1531/865/449
f 1465/866/395 1460/867/395 1054/868/395 1292/869/395 1482/870/395
f 1479/871/395 1482/870/395 1292/869/395 1284/842/395 1472/842/395 1456/872/395 1454/873/395 1452/874/395 1497/875/395
f 976/817/458 1274/863/458 1320/863/458 1072/817/458
f 1274/863/459 1267/819/459 1308/819/459 1320/863/459
f 1072/817/460 1320/863/460 1353/863/460 1118/817/460
f 1320/863/428 1308/819/428 1343/819/428 1353/863/428
f 966/876/449 1258/876/449 1292/868/449 1054/868/449
f 1258/877/449 1255/877/449 1284/869/449 1292/869/449
f 938/807/395 1244/878/395 1258/878/395 966/807/395
f 1244/878/395 1239/813/395 1255/813/395 1258/878/395
f 946/817/461 1251/879/461 1274/863/461 976/817/461
f 1251/879/462 1247/819/462 1267/819/462 1274/863/462
f 885/807/445 1214/878/445 1244/878/445 938/807/445
f 1214/878/445 1201/813/445 1239/813/445 1244/878/445
f 891/817/463 1224/880/463 1251/879/463 946/817/463
f 1224/880/464 1217/835/464 1247/819/464 1251/879/464
f 838/807/441 1152/878/441 1235/881/441 910/807/441
f 1152/878/441 1144/813/441 1232/823/441 1235/881/441
f 849/817/465 1181/863/465 1231/882/465 923/832/465
f 1181/863/466 1173/819/466 1226/834/466 1231/882/466
f 923/832/467 1231/882/467 1224/880/467 891/817/467
f 1231/882/468 1226/834/468 1217/835/468 1224/880/468
f 1189/883/433 857/884/433 1546/885/433 1563/886/433
f 1196/883/433 1189/883/433 1563/887/433 1554/887/433
f 910/807/432 1235/881/432 1214/878/432 885/807/432
f 1235/881/432 1232/823/432 1201/813/432 1214/878/432
f 849/817/469 857/884/469 1189/888/469 1181/863/469
f 1181/863/428 1189/888/428 1196/820/428 1173/819/428
f 1564/889/395 1567/890/395 1152/878/395 838/807/395 1539/891/395
f 1568/892/395 1543/814/395 1144/813/395 1152/878/395 1567/890/395 1577/893/395 1573/894/395 1571/895/395 1575/896/395
f 939/776/428 936/775/428 1052/775/428 1059/776/428
f 1827/897/397 848/781/397 956/781/397 962/782/397 851/782/397 1865/898/397
f 1839/899/470 1857/900/470 893/783/470
f 1010/782/398 897/782/398 1853/901/398 1840/902/398 893/783/398 1009/783/398
f 851/782/397 1827/897/397 1865/898/397
f 1826/903/399 851/782/399 962/782/399 963/783/399 856/783/399 1862/904/399
f 1840/902/398 1853/901/398 897/782/398
f 1012/781/400 901/781/400 1858/905/400 1841/906/400 897/782/400 1010/782/400
f 856/783/399 1826/903/399 1862/904/399
f 1829/907/401 856/783/401 963/783/401 968/784/401 858/784/401 1860/908/401
f 1841/906/400 1858/905/400 901/781/400
f 989/780/402 906/780/402 1864/909/402 1842/910/402 901/781/402 1012/781/402 1018/780/402
f 858/784/401 1829/907/401 1860/908/401
f 1828/911/403 858/784/403 968/784/403 971/785/403 862/785/403 1855/912/403
f 1842/910/402 1864/909/402 906/780/402
f 1831/913/405 862/785/405 971/785/405 974/786/405 865/786/405 1866/914/405
f 862/785/471 1828/911/471 1855/912/471
f 1018/780/404 1023/779/404 996/779/404 989/780/404
f 907/779/404 1843/915/404 989/780/404 996/779/404
f 1830/916/407 865/786/407 974/786/407 980/787/407 870/787/407 1861/917/407
f 865/786/472 1831/913/472 1866/914/472
f 996/779/406 1023/779/406 1027/778/406 1002/778/406
f 1844/918/406 907/779/406 996/779/406 1002/778/406
f 1833/919/410 870/787/410 980/787/410 983/788/410 871/788/410 1851/920/410
f 870/787/473 1830/916/473 1861/917/473
f 819/774/408 930/774/408 932/773/408 826/773/408 1847/921/408
f 826/773/474 1868/922/474 1847/921/474
f 820/773/408 815/774/408 819/774/408 1847/921/408 1868/922/408 826/773/408
f 1027/778/409 1030/777/409 1008/777/409 1002/778/409
f 916/777/409 1845/923/409 1002/778/409 1008/777/409
f 1832/924/413 871/788/413 983/788/413 987/789/413 873/789/413 1854/925/413
f 871/788/475 1833/919/475 1851/920/475
f 826/773/411 932/773/411 936/775/411 832/775/411
f 832/775/411 825/775/411 1820/926/411
f 832/775/411 1820/926/411 820/773/411 826/773/411
f 1030/777/412 1035/776/412 1015/776/412 1008/777/412
f 1015/776/412 919/776/412 1846/927/412
f 1015/776/412 1846/927/412 916/777/412 1008/777/412
f 1834/928/416 873/789/416 987/789/416 988/788/416 877/788/416 1849/929/416
f 873/789/476 1832/924/476 1854/925/476
f 832/775/414 936/775/414 939/776/414 837/776/414
f 829/776/414 1821/930/414 832/775/414 837/776/414
f 1035/776/415 1037/775/415 1020/775/415 1015/776/415
f 1020/775/415 922/775/415 919/776/415 1015/776/415
f 1835/931/419 877/788/419 988/788/419 994/787/419 879/787/419 1859/932/419
f 877/788/477 1834/928/477 1849/929/477
f 939/776/417 942/777/417 844/777/417 837/776/417
f 1026/773/418 1043/773/418 930/774/418 819/774/418 1848/933/418
f 819/774/478 1856/934/478 1848/933/478
f 815/774/418 925/773/418 1026/773/418 1848/933/418 1856/934/418 819/774/418
f 1836/935/422 879/787/422 994/787/422 997/786/422 883/786/422 1867/936/422
f 879/787/479 1835/931/479 1859/932/479
f 844/777/420 942/777/420 947/778/420 850/778/420
f 850/778/420 835/778/420 1822/937/420 844/777/420
f 922/775/421 1020/775/421 1819/938/421
f 1037/775/421 1043/773/421 1026/773/421 1020/775/421
f 925/773/421 1819/938/421 1020/775/421 1026/773/421
f 952/779/423 841/779/423 1823/939/423 850/778/423 947/778/423
f 883/786/480 1836/935/480 1867/936/480
f 1837/940/424 883/786/424 997/786/424 1000/785/424 886/785/424 1850/941/424
f 1825/942/425 841/779/425 952/779/425 953/780/425 843/780/425 1863/943/425
f 886/785/481 1837/940/481 1850/941/481
f 1003/784/426 892/784/426 1852/944/426 1838/945/426 886/785/426 1000/785/426
f 843/780/425 1825/942/425 1863/943/425
f 1824/946/427 843/780/427 953/780/427 956/781/427 848/781/427 1869/947/427
f 1838/945/482 1852/944/482 892/784/482
f 848/781/427 1824/946/427 1869/947/427
f 1070/779/423 1064/778/423 1191/778/423 1192/779/423
f 1037/775/428 1035/776/428 1159/776/428 1162/775/428
f 988/788/428 987/789/428 1110/789/428 1112/788/428
f 942/777/428 939/776/428 1059/776/428 1061/777/428
f 930/774/428 1043/773/428 1167/773/428 1045/774/428
f 994/787/428 988/788/428 1112/788/428 1117/787/428
f 947/778/428 942/777/428 1061/777/428 1064/778/428
f 1043/773/428 1037/775/428 1162/775/428 1167/773/428
f 997/786/428 994/787/428 1117/787/428 1123/786/428
f 952/779/428 947/778/428 1064/778/428 1070/779/428
f 1000/785/428 997/786/428 1123/786/428 1124/785/428
f 953/780/428 952/779/428 1070/779/428 1074/780/428
f 1003/784/428 1000/785/428 1124/785/428 1129/784/428
f 956/781/428 953/780/428 1074/780/428 1079/781/428
f 1009/783/428 1003/784/428 1129/784/428 1132/783/428
f 962/782/428 956/781/428 1079/781/428 1080/782/428
f 1010/782/428 1009/783/428 1132/783/428 1138/782/428
f 963/783/428 962/782/428 1080/782/428 1086/783/428
f 1012/781/428 1010/782/428 1138/782/428 1141/781/428
f 968/784/428 963/783/428 1086/783/428 1091/784/428
f 1018/780/428 1012/781/428 1141/781/428 1146/780/428
f 971/785/428 968/784/428 1091/784/428 1094/785/428
f 1023/779/428 1018/780/428 1146/780/428 1148/779/428
f 974/786/428 971/785/428 1094/785/428 1099/786/428
f 1027/778/428 1023/779/428 1148/779/428 1154/778/428
f 980/787/428 974/786/428 1099/786/428 1103/787/428
f 932/773/428 930/774/428 1045/774/428 1050/773/428
f 1030/777/428 1027/778/428 1154/778/428 1157/777/428
f 983/788/428 980/787/428 1103/787/428 1107/788/428
f 936/775/428 932/773/428 1050/773/428 1052/775/428
f 1035/776/428 1030/777/428 1157/777/428 1159/776/428
f 987/789/428 983/788/428 1107/788/428 1110/789/428
f 1205/782/483 1203/781/483 1312/781/483 1315/782/483
f 1539/948/424 1537/949/424 1237/785/424 1124/785/424 1123/786/424 1564/950/424
f 1074/780/425 1070/779/425 1192/779/425 1198/780/425
f 1129/784/426 1124/785/426 1237/785/426 1241/784/426
f 1079/781/427 1074/780/427 1198/780/427 1203/781/427
f 1132/783/396 1129/784/396 1241/784/396 1243/783/396
f 1080/782/397 1079/781/397 1203/781/397 1205/782/397
f 1138/782/398 1132/783/398 1243/783/398 1248/782/398
f 1086/783/399 1080/782/399 1205/782/399 1211/783/399
f 1141/781/400 1138/782/400 1248/782/400 1252/781/400
f 1091/784/401 1086/783/401 1211/783/401 1213/784/401
f 1146/780/402 1141/781/402 1252/781/402 1257/780/402
f 1094/785/403 1091/784/403 1213/784/403 1219/785/403
f 1148/779/404 1146/780/404 1257/780/404 1261/779/404
f 1545/951/405 1540/786/405 1099/786/405 1094/785/405 1219/785/405 1558/952/405
f 1154/778/406 1148/779/406 1261/779/406 1262/778/406
f 1543/953/407 1568/787/407 1103/787/407 1099/786/407 1540/786/407
f 1050/773/408 1045/774/408 1171/774/408 1175/773/408
f 1157/777/409 1154/778/409 1262/778/409 1268/777/409
f 1575/788/410 1107/788/410 1103/787/410 1568/787/410
f 1052/775/411 1050/773/411 1175/773/411 1177/775/411
f 1159/776/412 1157/777/412 1268/777/412 1270/776/412
f 1571/789/413 1110/789/413 1107/788/413 1575/788/413
f 1059/776/414 1052/775/414 1177/775/414 1183/776/414
f 1162/775/415 1159/776/415 1270/776/415 1276/775/415
f 1573/788/416 1112/788/416 1110/789/416 1571/789/416
f 1061/777/417 1059/776/417 1183/776/417 1186/777/417
f 1045/774/418 1167/773/418 1281/773/418 1171/774/418
f 1577/787/419 1117/787/419 1112/788/419 1573/788/419
f 1064/778/420 1061/777/420 1186/777/420 1191/778/420
f 1167/773/421 1162/775/421 1276/775/421 1281/773/421
f 1564/950/422 1123/786/422 1117/787/422 1577/787/422 1567/954/422
f 1327/785/403 1322/784/403 1436/784/403 1442/785/403
f 1248/782/484 1243/783/484 1355/783/484 1358/782/484
f 1211/783/485 1205/782/485 1315/782/485 1318/783/485
f 1252/781/486 1248/782/486 1358/782/486 1361/781/486
f 1213/784/487 1211/783/487 1318/783/487 1322/784/487
f 1257/780/488 1252/781/488 1361/781/488 1366/780/488
f 1219/785/489 1213/784/489 1322/784/489 1327/785/489
f 1261/779/490 1257/780/490 1366/780/490 1371/779/490
f 1558/952/491 1219/785/491 1327/785/491 1557/955/491
f 1262/778/492 1261/779/492 1371/779/492 1374/778/492
f 1175/773/493 1171/774/493 1282/774/493 1289/773/493
f 1268/777/494 1262/778/494 1374/778/494 1378/777/494
f 1177/775/495 1175/773/495 1289/773/495 1291/775/495
f 1270/776/496 1268/777/496 1378/777/496 1383/776/496
f 1183/776/497 1177/775/497 1291/775/497 1294/776/497
f 1276/775/498 1270/776/498 1383/776/498 1386/775/498
f 1186/777/499 1183/776/499 1294/776/499 1297/777/499
f 1171/774/500 1281/773/500 1388/773/500 1282/774/500
f 1191/778/501 1186/777/501 1297/777/501 1301/778/501
f 1281/773/502 1276/775/502 1386/775/502 1388/773/502
f 1192/779/503 1191/778/503 1301/778/503 1305/779/503
f 1533/956/504 1346/785/504 1237/785/504 1537/949/504
f 1198/780/505 1192/779/505 1305/779/505 1307/780/505
f 1241/784/506 1237/785/506 1346/785/506 1350/784/506
f 1203/781/507 1198/780/507 1307/780/507 1312/781/507
f 1243/783/508 1241/784/508 1350/784/508 1355/783/508
f 1499/775/428 1495/776/428 1492/777/428 1486/778/428 1485/779/428 1480/780/428 1474/781/428 1470/782/428 1466/783/428 1462/784/428 1458/785/428 1560/956/428 1553/957/428 1554/958/428 1563/959/428 1546/960/428 1550/961/428 1442/785/428 1436/784/428 1434/783/428 1429/782/428 1424/781/428 1420/780/428 1416/779/428 1414/778/428 1410/777/428 1406/776/428 1402/775/428 1398/773/428 1394/774/428 1503/773/428
f 1371/779/404 1366/780/404 1480/780/404 1485/779/404
f 1548/961/405 1557/955/405 1327/785/405 1442/785/405 1550/961/405
f 1374/778/406 1371/779/406 1485/779/406 1486/778/406
f 1289/773/408 1282/774/408 1394/774/408 1398/773/408
f 1378/777/409 1374/778/409 1486/778/409 1492/777/409
f 1291/775/411 1289/773/411 1398/773/411 1402/775/411
f 1383/776/412 1378/777/412 1492/777/412 1495/776/412
f 1294/776/414 1291/775/414 1402/775/414 1406/776/414
f 1386/775/415 1383/776/415 1495/776/415 1499/775/415
f 1297/777/417 1294/776/417 1406/776/417 1410/777/417
f 1282/774/418 1388/773/418 1503/773/418 1394/774/418
f 1301/778/420 1297/777/420 1410/777/420 1414/778/420
f 1388/773/421 1386/775/421 1499/775/421 1503/773/421
f 1305/779/423 1301/778/423 1414/778/423 1416/779/423
f 1535/962/424 1560/956/424 1458/785/424 1346/785/424 1533/956/424
f 1307/780/425 1305/779/425 1416/779/425 1420/780/425
f 1350/784/426 1346/785/426 1458/785/426 1462/784/426
f 1312/781/427 1307/780/427 1420/780/427 1424/781/427
f 1355/783/396 1350/784/396 1462/784/396 1466/783/396
f 1315/782/397 1312/781/397 1424/781/397 1429/782/397
f 1358/782/398 1355/783/398 1466/783/398 1470/782/398
f 1318/783/399 1315/782/399 1429/782/399 1434/783/399
f 1361/781/400 1358/782/400 1470/782/400 1474/781/400
f 1322/784/401 1318/783/401 1434/783/401 1436/784/401
f 1366/780/402 1361/781/402 1474/781/402 1480/780/402
f 816/963/509 818/964/509 824/965/509 822/966/509
f 822/966/510 824/965/510 830/967/510 828/968/510
f 828/968/511 830/967/511 836/969/511 833/970/511
f 833/970/512 836/969/512 842/971/512 840/972/512
f 840/972/513 842/971/513 847/973/513 845/974/513
f 845/974/514 847/973/514 855/975/514 852/976/514
f 852/976/515 855/975/515 863/977/515 861/978/515
f 861/978/516 863/977/516 869/979/516 866/980/516
f 866/980/517 869/979/517 876/981/517 872/982/517
f 872/982/518 876/981/518 884/983/518 880/984/518
f 880/984/519 884/983/519 890/985/519 887/986/519
f 887/986/520 890/985/520 898/987/520 894/988/520
f 894/988/521 898/987/521 905/989/521 902/990/521
f 902/990/522 905/989/522 913/991/522 908/992/522
f 908/992/523 913/991/523 920/993/523 915/994/523
f 915/994/524 920/993/524 926/995/524 924/996/524
f 924/996/525 926/995/525 933/997/525 929/998/525
f 929/998/526 933/997/526 940/999/526 937/1000/526
f 937/1000/527 940/999/527 948/1001/527 945/1002/527
f 945/1002/528 948/1001/528 955/1003/528 951/1004/528
f 951/1004/529 955/1003/529 961/1005/529 959/1006/529
f 959/1006/530 961/1005/530 967/1007/530 964/1008/530
f 964/1008/531 967/1007/531 975/1009/531 970/1010/531
f 970/1010/532 975/1009/532 982/1011/532 977/1012/532
f 977/1012/533 982/1011/533 991/1013/533 986/1014/533
f 986/1014/534 991/1013/534 995/1015/534 992/1016/534
f 992/1016/535 995/1015/535 1001/1017/535 999/1018/535
f 999/1018/536 1001/1017/536 1006/1019/536 1005/1020/536
f 1005/1020/537 1006/1019/537 1013/1021/537 1011/1022/537
f 1011/1022/538 1013/1021/538 1019/1023/538 1017/1024/538
f 830/967/539 824/965/539 1142/965/539 1147/967/539
f 1017/1024/540 1019/1023/540 1024/1025/540 1022/1026/540
f 1022/1026/541 1024/1025/541 818/1027/541 816/1028/541
f 852/976/542 861/978/542 1051/978/542 1046/976/542
f 1139/1029/543 1140/1030/543 1029/1031/543 1031/1032/543 1033/1033/543 1036/1034/543 1040/1035/543 1042/1036/543 1046/1037/543 1051/1038/543 1056/1039/543 1060/1040/543 1063/1041/543 1066/1042/543 1073/1043/543 1077/1044/543 1078/1045/543 1082/1046/543 1087/1047/543 1090/1048/543 1095/1049/543 1098/1050/543 1102/1051/543 1106/1052/543 1113/1053/543 1115/1054/543 1119/1055/543 1125/1056/543 1127/1057/543 1131/1058/543 1134/1059/543 1136/1060/543
f 915/994/544 924/996/544 1087/996/544 1082/994/544
f 977/1012/545 986/1014/545 1125/1014/545 1119/1012/545
f 828/968/546 833/970/546 1036/970/546 1033/968/546
f 887/986/547 894/988/547 1073/988/547 1066/986/547
f 951/1004/548 959/1006/548 1106/1006/548 1102/1004/548
f 1011/1022/549 1017/1024/549 1139/1024/549 1136/1022/549
f 861/978/550 866/980/550 1056/980/550 1051/978/550
f 924/996/551 929/998/551 1090/998/551 1087/996/551
f 986/1014/552 992/1016/552 1127/1016/552 1125/1014/552
f 833/970/553 840/972/553 1040/972/553 1036/970/553
f 894/988/554 902/990/554 1077/990/554 1073/988/554
f 959/1006/555 964/1008/555 1113/1008/555 1106/1006/555
f 1017/1024/556 1022/1026/556 1140/1026/556 1139/1024/556
f 866/980/557 872/982/557 1060/982/557 1056/980/557
f 929/998/558 937/1000/558 1095/1000/558 1090/998/558
f 992/1016/559 999/1018/559 1131/1018/559 1127/1016/559
f 840/972/560 845/974/560 1042/974/560 1040/972/560
f 902/990/561 908/992/561 1078/992/561 1077/990/561
f 964/1008/562 970/1010/562 1115/1010/562 1113/1008/562
f 816/963/563 822/966/563 1031/966/563 1029/963/563
f 1022/1026/564 816/1028/564 1029/1028/564 1140/1026/564
f 872/982/565 880/984/565 1063/984/565 1060/982/565
f 937/1000/566 945/1002/566 1098/1002/566 1095/1000/566
f 999/1018/567 1005/1020/567 1134/1020/567 1131/1018/567
f 845/974/568 852/976/568 1046/976/568 1042/974/568
f 908/992/569 915/994/569 1082/994/569 1078/992/569
f 970/1010/570 977/1012/570 1119/1012/570 1115/1010/570
f 822/966/571 828/968/571 1033/968/571 1031/966/571
f 880/984/572 887/986/572 1066/986/572 1063/984/572
f 945/1002/573 951/1004/573 1102/1004/573 1098/1002/573
f 1005/1020/574 1011/1022/574 1136/1022/574 1134/1020/574
f 1723/975/515 1260/975/515 1264/977/515 1724/977/515
f 1164/983/575 1735/1061/575 1729/1062/575 1730/983/575
f 1731/1063/575 1733/1064/575 1728/1065/575 1726/1066/575 1725/1067/575 1727/1068/575 1734/985/575 890/985/575 884/983/575 1732/983/575
f 955/1003/576 948/1001/576 1194/1001/576 1200/1003/576
f 1013/1021/577 1006/1019/577 1228/1019/577 1230/1021/577
f 863/977/578 855/975/578 1736/975/578 1737/977/578
f 926/995/579 920/993/579 1179/993/579 1182/995/579
f 991/1013/580 982/1011/580 1215/1011/580 1218/1013/580
f 836/969/581 830/967/581 1147/967/581 1149/969/581
f 1739/987/582 898/987/582 890/985/582 1734/985/582 1738/1069/582
f 961/1005/583 955/1003/583 1200/1003/583 1202/1005/583
f 1019/1023/584 1013/1021/584 1230/1021/584 1233/1023/584
f 1740/979/585 869/979/585 863/977/585 1737/977/585
f 933/997/586 926/995/586 1182/995/586 1187/997/586
f 995/1015/587 991/1013/587 1218/1013/587 1225/1015/587
f 842/971/588 836/969/588 1149/969/588 1153/971/588
f 1742/989/589 905/989/589 898/987/589 1739/987/589 1741/1070/589
f 967/1007/590 961/1005/590 1202/1005/590 1209/1007/590
f 1024/1025/591 1019/1023/591 1233/1023/591 1234/1025/591
f 1743/1071/592 876/981/592 869/979/592 1740/979/592
f 940/999/593 933/997/593 1187/997/593 1193/999/593
f 1001/1017/594 995/1015/594 1225/1015/594 1227/1017/594
f 1746/1072/595 1745/1073/595 1744/1074/595 847/973/595 842/971/595 1153/971/595
f 1749/1075/596 1748/1076/596 1176/991/596 913/991/596 905/989/596 1742/989/596 1747/1077/596
f 975/1009/597 967/1007/597 1209/1007/597 1212/1009/597
f 824/965/598 818/964/598 1145/964/598 1142/965/598
f 818/1027/599 1024/1025/599 1234/1025/599 1145/1027/599
f 1755/1078/600 1754/1079/600 1164/983/600 1730/983/600 1753/1080/600 1751/1081/600 1750/1082/600 1732/983/600 884/983/600 876/981/600 1743/1071/600 1752/1083/600
f 948/1001/601 940/999/601 1193/999/601 1194/1001/601
f 1006/1019/602 1001/1017/602 1227/1017/602 1228/1019/602
f 1736/975/603 855/975/603 847/973/603 1744/1074/603 1756/1084/603
f 920/993/604 913/991/604 1176/991/604 1179/993/604
f 982/1011/605 975/1009/605 1212/1009/605 1215/1011/605
f 1759/1085/606 1279/983/606 1275/981/606 1401/981/606 1758/1086/606 1757/1087/606
f 1202/1005/529 1200/1003/529 1316/1003/529 1321/1005/529
f 1724/977/516 1264/977/516 1269/979/516 1760/979/516
f 1209/1007/530 1202/1005/530 1321/1005/530 1324/1007/530
f 1760/979/517 1269/979/517 1275/981/517 1761/981/517
f 1212/1009/531 1209/1007/531 1324/1007/531 1328/1009/531
f 1767/1079/518 1761/981/518 1275/981/518 1279/983/518 1164/983/518 1754/1079/518 1762/1079/518 1763/1088/518 1764/1088/518 1765/1089/518 1766/1090/518 1769/1091/518 1770/1089/518 1771/1079/518 1772/1079/518 1768/1090/518
f 1215/1011/532 1212/1009/532 1328/1009/532 1331/1011/532
f 1774/1092/519 1735/1061/519 1164/983/519 1279/983/519 1283/985/519 1780/985/519 1779/1093/519 1773/1094/519 1775/1095/519 1778/1061/519 1776/1061/519 1777/1092/519
f 1218/1013/533 1215/1011/533 1331/1011/533 1336/1013/533
f 1784/1096/520 1780/985/520 1283/985/520 1783/1097/520 1782/1098/520 1781/1097/520
f 1225/1015/534 1218/1013/534 1336/1013/534 1341/1015/534
f 1785/1099/521 1287/989/521 1786/1100/521 1787/1101/521
f 1227/1017/535 1225/1015/535 1341/1015/535 1342/1017/535
f 1790/1102/522 1786/1100/522 1287/989/522 1293/991/522 1789/991/522
f 1788/991/522 1176/991/522 1748/1076/522
f 1142/965/509 1145/964/509 1242/964/509 1238/965/509
f 1228/1019/536 1227/1017/536 1342/1017/536 1347/1019/536
f 1793/1103/523 1789/991/523 1293/991/523 1295/993/523 1179/993/523 1176/991/523 1788/991/523 1791/1104/523 1792/1105/523
f 1147/967/510 1142/965/510 1238/965/510 1246/967/510
f 1230/1021/537 1228/1019/537 1347/1019/537 1352/1021/537
f 1182/995/524 1179/993/524 1295/993/524 1299/995/524
f 1149/969/511 1147/967/511 1246/967/511 1250/969/511
f 1233/1023/538 1230/1021/538 1352/1021/538 1357/1023/538
f 1187/997/525 1182/995/525 1299/995/525 1304/997/525
f 1153/971/512 1149/969/512 1250/969/512 1253/971/512
f 1234/1025/540 1233/1023/540 1357/1023/540 1359/1025/540
f 1193/999/526 1187/997/526 1304/997/526 1306/999/526
f 1794/1072/513 1746/1072/513 1153/971/513 1253/971/513 1256/973/513 1799/973/513 1800/1106/513 1802/1072/513 1801/1106/513 1805/1107/513 1804/1072/513 1803/1072/513 1798/1106/513 1797/1107/513 1796/1106/513 1795/1108/513
f 1145/1027/541 1234/1025/541 1359/1025/541 1242/1027/541
f 1194/1001/527 1193/999/527 1306/999/527 1313/1001/527
f 1799/973/514 1256/973/514 1260/975/514 1723/975/514
f 1200/1003/528 1194/1001/528 1313/1001/528 1316/1003/528
f 1807/1109/521 1808/987/521 1532/987/521 1538/989/521 1411/989/521 1806/1110/521
f 1331/1011/607 1328/1009/607 1451/1009/607 1455/1011/607
f 1810/985/608 1283/985/608 1279/983/608 1759/1085/608 1809/1111/608 1811/1112/608
f 1336/1013/609 1331/1011/609 1455/1011/609 1457/1013/609
f 1283/985/610 1810/985/610 1812/1113/610 1783/1097/610
f 1341/1015/611 1336/1013/611 1457/1013/611 1461/1015/611
f 1806/1110/612 1411/989/612 1287/989/612 1785/1099/612
f 1342/1017/613 1341/1015/613 1461/1015/613 1467/1017/613
f 1293/991/614 1287/989/614 1411/989/614 1415/991/614
f 1238/965/615 1242/964/615 1367/964/615 1365/965/615
f 1347/1019/616 1342/1017/616 1467/1017/616 1471/1019/616
f 1295/993/617 1293/991/617 1415/991/617 1417/993/617
f 1246/967/618 1238/965/618 1365/965/618 1370/967/618
f 1352/1021/619 1347/1019/619 1471/1019/619 1475/1021/619
f 1299/995/620 1295/993/620 1417/993/620 1421/995/620
f 1250/969/621 1246/967/621 1370/967/621 1376/969/621
f 1357/1023/622 1352/1021/622 1475/1021/622 1478/1023/622
f 1304/997/623 1299/995/623 1421/995/623 1425/997/623
f 1253/971/624 1250/969/624 1376/969/624 1380/971/624
f 1359/1025/625 1357/1023/625 1478/1023/625 1483/1025/625
f 1306/999/626 1304/997/626 1425/997/626 1428/999/626
f 1256/973/627 1253/971/627 1380/971/627 1382/973/627
f 1242/1027/628 1359/1025/628 1483/1025/628 1367/1027/628
f 1313/1001/629 1306/999/629 1428/999/629 1432/1001/629
f 1260/975/630 1256/973/630 1382/973/630 1389/975/630
f 1316/1003/631 1313/1001/631 1432/1001/631 1439/1003/631
f 1264/977/632 1260/975/632 1389/975/632 1391/977/632
f 1321/1005/633 1316/1003/633 1439/1003/633 1440/1005/633
f 1269/979/634 1264/977/634 1391/977/634 1395/979/634
f 1324/1007/635 1321/1005/635 1440/1005/635 1446/1007/635
f 1275/981/636 1269/979/636 1395/979/636 1401/981/636
f 1328/1009/637 1324/1007/637 1446/1007/637 1451/1009/637
f 1549/995/638 1544/993/638 1626/993/638 1628/995/638
f 1467/1017/535 1461/1015/535 1584/1015/535 1586/1017/535
f 1415/991/522 1411/989/522 1538/989/522 1541/991/522
f 1365/965/509 1367/964/509 1490/964/509 1487/965/509
f 1471/1019/536 1467/1017/536 1586/1017/536 1588/1019/536
f 1417/993/523 1415/991/523 1541/991/523 1544/993/523
f 1370/967/510 1365/965/510 1487/965/510 1494/967/510
f 1475/1021/537 1471/1019/537 1588/1019/537 1589/1021/537
f 1421/995/524 1417/993/524 1544/993/524 1549/995/524
f 1376/969/511 1370/967/511 1494/967/511 1498/969/511
f 1478/1023/538 1475/1021/538 1589/1021/538 1591/1023/538
f 1425/997/525 1421/995/525 1549/995/525 1552/997/525
f 1380/971/512 1376/969/512 1498/969/512 1502/971/512
f 1483/1025/540 1478/1023/540 1591/1023/540 1593/1025/540
f 1428/999/526 1425/997/526 1552/997/526 1556/999/526
f 1382/973/513 1380/971/513 1502/971/513 1506/973/513
f 1367/1027/541 1483/1025/541 1593/1025/541 1490/1027/541
f 1432/1001/527 1428/999/527 1556/999/527 1562/1001/527
f 1389/975/514 1382/973/514 1506/973/514 1508/975/514
f 1439/1003/528 1432/1001/528 1562/1001/528 1566/1003/528
f 1391/977/515 1389/975/515 1508/975/515 1512/977/515
f 1440/1005/529 1439/1003/529 1566/1003/529 1570/1005/529
f 1395/979/516 1391/977/516 1512/977/516 1517/979/516
f 1446/1007/530 1440/1005/530 1570/1005/530 1574/1007/530
f 1401/981/517 1395/979/517 1517/979/517 1523/981/517
f 1451/1009/531 1446/1007/531 1574/1007/531 1576/1009/531
f 1813/1114/518 1758/1086/518 1401/981/518 1523/981/518 1524/983/518 1814/983/518
f 1455/1011/532 1451/1009/532 1576/1009/532 1579/1011/532
f 1815/1115/519 1811/1112/519 1809/1111/519 1814/983/519 1524/983/519 1528/985/519 1816/985/519 1817/1116/519
f 1457/1013/533 1455/1011/533 1579/1011/533 1581/1013/533
f 1818/1117/520 1816/985/520 1528/985/520 1532/987/520 1808/987/520
f 1461/1015/534 1457/1013/534 1581/1013/534 1584/1015/534
f 1601/1118/639 1599/775/639 1595/773/639 1597/774/639 1657/1119/639 1656/1120/639 1654/776/639 1652/777/639 1650/778/639 1648/779/639 1646/780/639 1643/781/639 1641/782/639 1640/783/639 1638/784/639 1636/785/639 1634/786/639 1632/787/639 1630/788/639 1628/789/639 1626/1121/639 1623/1122/639 1621/1123/639 1620/1124/639 1617/1125/639 1615/1126/639 1614/1127/639 1611/1128/639 1609/1129/639 1607/1130/639 1605/1131/639 1603/1132/639
f 1498/969/640 1494/967/640 1599/967/640 1601/969/640
f 1591/1023/641 1589/1021/641 1654/1021/641 1656/1023/641
f 1552/997/642 1549/995/642 1628/995/642 1630/997/642
f 1502/971/643 1498/969/643 1601/969/643 1603/971/643
f 1593/1025/644 1591/1023/644 1656/1023/644 1657/1025/644
f 1556/999/645 1552/997/645 1630/997/645 1632/999/645
f 1506/973/646 1502/971/646 1603/971/646 1605/973/646
f 1490/1027/647 1593/1025/647 1657/1025/647 1597/1027/647
f 1562/1001/648 1556/999/648 1632/999/648 1634/1001/648
f 1508/975/649 1506/973/649 1605/973/649 1607/975/649
f 1566/1003/650 1562/1001/650 1634/1001/650 1636/1003/650
f 1512/977/651 1508/975/651 1607/975/651 1609/977/651
f 1570/1005/652 1566/1003/652 1636/1003/652 1638/1005/652
f 1517/979/653 1512/977/653 1609/977/653 1611/979/653
f 1574/1007/654 1570/1005/654 1638/1005/654 1640/1007/654
f 1523/981/655 1517/979/655 1611/979/655 1614/981/655
f 1576/1009/656 1574/1007/656 1640/1007/656 1641/1009/656
f 1524/983/657 1523/981/657 1614/981/657 1615/983/657
f 1579/1011/658 1576/1009/658 1641/1009/658 1643/1011/658
f 1528/985/659 1524/983/659 1615/983/659 1617/985/659
f 1581/1013/660 1579/1011/660 1643/1011/660 1646/1013/660
f 1532/987/661 1528/985/661 1617/985/661 1620/987/661
f 1584/1015/662 1581/1013/662 1646/1013/662 1648/1015/662
f 1538/989/663 1532/987/663 1620/987/663 1621/989/663
f 1586/1017/664 1584/1015/664 1648/1015/664 1650/1017/664
f 1541/991/665 1538/989/665 1621/989/665 1623/991/665
f 1487/965/666 1490/964/666 1597/964/666 1595/965/666
f 1588/1019/667 1586/1017/667 1650/1017/667 1652/1019/667
f 1544/993/668 1541/991/668 1623/991/668 1626/993/668
f 1494/967/669 1487/965/669 1595/965/669 1599/967/669
f 1589/1021/670 1588/1019/670 1652/1019/670 1654/1021/670
f 1793/1133/408 1792/1134/408 815/1135/408 820/1136/408
f 1790/1137/411 1789/1138/411 1793/1133/411 820/1136/411 1820/1139/411 825/1140/411
f 829/1141/414 1787/1142/414 1786/1143/414 1790/1137/414 825/1140/414 832/1144/414 1821/1145/414
f 1806/1146/417 1785/1147/417 1787/1142/417 829/1141/417 837/1148/417 844/1149/417 834/1150/417 1807/1151/417
f 835/1152/420 1818/1153/420 1808/1154/420 1807/1151/420 834/1150/420 844/1149/420 1822/1155/420
f 1816/1156/423 1818/1153/423 835/1152/423 850/1157/423 1823/1158/423 841/1159/423 854/1160/423 1817/1161/423
f 843/1162/425 859/1163/425 854/1160/425 841/1159/425 1825/1164/425
f 848/1165/427 868/1166/427 859/1163/427 843/1162/427 1824/1167/427
f 851/1168/397 875/1169/397 868/1166/397 848/1165/397 1827/1170/397
f 856/1171/399 882/1172/399 875/1169/399 851/1168/399 1826/1173/399
f 858/1174/401 889/1175/401 882/1172/401 856/1171/401 1829/1176/401
f 862/1177/403 896/1178/403 889/1175/403 858/1174/403 1828/1179/403
f 1831/1180/405 865/1181/405 900/1182/405 896/1178/405 862/1177/405
f 1830/1183/407 870/1184/407 909/1185/407 900/1182/407 865/1181/407
f 1833/1186/410 871/1187/410 917/1188/410 909/1185/410 870/1184/410
f 1832/1189/413 873/1190/413 921/1191/413 917/1188/413 871/1187/413
f 1834/1192/416 877/1193/416 931/1194/416 921/1191/416 873/1190/416
f 1835/1195/419 879/1196/419 935/1197/419 931/1194/419 877/1193/419
f 1836/1198/422 883/1199/422 943/1200/422 935/1197/422 879/1196/422
f 1837/1201/424 886/1202/424 950/1203/424 943/1200/424 883/1199/424
f 957/1204/426 950/1203/426 886/1202/426 1838/1205/426 892/1206/426
f 965/1207/396 957/1204/396 892/1206/396 1839/1208/396 893/1209/396
f 973/1210/398 965/1207/398 893/1209/398 1840/1211/398 897/1212/398
f 979/1213/400 973/1210/400 897/1212/400 1841/1214/400 901/1215/400
f 985/1216/402 979/1213/402 901/1215/402 1842/1217/402 906/1218/402
f 1727/1219/404 1725/1220/404 985/1216/404 906/1218/404 989/1221/404 1843/1222/404 907/1223/404
f 1002/1224/406 912/1225/406 1738/1226/406 1734/1227/406 1727/1219/406 907/1223/406 1844/1228/406
f 1741/1229/409 1739/1230/409 1738/1226/409 912/1225/409 1002/1224/409 1845/1231/409 916/1232/409
f 1747/1233/412 1742/1234/412 1741/1229/412 916/1232/412 1846/1235/412 919/1236/412
f 1749/1237/415 1747/1233/415 919/1236/415 922/1238/415
f 1791/1239/421 1788/1240/421 1748/1241/421 1749/1237/421 922/1238/421 1819/1242/421 925/1243/421
f 1792/1244/418 1791/1239/418 925/1243/418 815/1245/418
f 1089/1191/671 1092/1194/671 1188/1194/671 1185/1191/671
f 854/1160/395 859/1163/395 1053/1163/395 1048/1160/395
f 917/1188/395 921/1191/395 1089/1188/395 1085/1188/395
f 979/1213/395 985/1216/395 1122/1246/395 1121/1213/395
f 1782/1247/395 1034/1247/395 1781/1247/395
f 889/1175/395 896/1178/395 1071/1248/395 1068/1175/395
f 950/1203/395 957/1204/395 1108/1204/395 1104/1203/395
f 859/1163/395 868/1166/395 1055/1166/395 1053/1163/395
f 921/1191/395 931/1191/395 1092/1194/395 1089/1191/395
f 1726/1249/395 1128/1250/395 1122/1216/395 985/1216/395 1725/1220/395
f 1812/1251/395 1039/1252/395 1034/1247/395 1782/1247/395 1783/1247/395
f 896/1178/395 900/1182/395 1075/1253/395 1071/1178/395
f 957/1204/395 965/1207/395 1111/1207/395 1108/1204/395
f 868/1166/395 875/1169/395 1058/1254/395 1055/1166/395
f 931/1194/395 935/1194/395 1096/1197/395 1092/1194/395
f 1728/1255/395 1133/1256/395 1128/1257/395 1726/1257/395
f 1811/1258/395 1815/1259/395 1044/1258/395 1039/1252/395 1812/1251/395 1810/1260/395
f 900/1182/395 909/1185/395 1081/1182/395 1075/1182/395
f 965/1207/395 973/1210/395 1116/1210/395 1111/1207/395
f 875/1169/395 882/1172/395 1065/1261/395 1058/1169/395
f 935/1197/395 943/1262/395 1101/1200/395 1096/1197/395
f 1733/1263/395 1133/1263/395 1728/1263/395
f 1817/1259/395 854/1160/395 1048/1160/395 1044/1258/395 1815/1259/395
f 909/1185/395 917/1188/395 1085/1185/395 1081/1185/395
f 973/1210/395 979/1213/395 1121/1213/395 1116/1210/395
f 882/1172/395 889/1175/395 1068/1264/395 1065/1172/395
f 943/1200/395 950/1203/395 1104/1203/395 1101/1200/395
f 1197/1200/395 1199/1200/395 1314/1203/395 1311/1200/395
f 1784/1247/672 1034/1247/672 1039/1252/672 1150/1252/672 1779/1265/672 1780/1266/672
f 1092/1194/673 1096/1197/673 1190/1197/673 1188/1194/673
f 1757/1267/674 1150/1252/674 1039/1252/674 1044/1258/674 1155/1258/674 1813/1268/674 1814/1269/674 1809/1270/674 1759/1271/674
f 1096/1197/675 1101/1200/675 1197/1200/675 1190/1197/675
f 1044/1258/676 1048/1160/676 1156/1160/676 1155/1258/676
f 1101/1200/677 1104/1203/677 1199/1203/677 1197/1200/677
f 1048/1160/678 1053/1163/678 1158/1163/678 1156/1160/678
f 1104/1203/679 1108/1204/679 1204/1204/679 1199/1203/679
f 1053/1163/680 1055/1166/680 1160/1166/680 1158/1163/680
f 1108/1204/681 1111/1207/681 1206/1207/681 1204/1204/681
f 1055/1166/682 1058/1169/682 1163/1169/682 1160/1166/682
f 1111/1207/683 1116/1210/683 1210/1210/683 1206/1207/683
f 1058/1169/684 1065/1172/684 1166/1172/684 1163/1169/684
f 1116/1210/685 1121/1213/685 1216/1213/685 1210/1210/685
f 1065/1172/686 1068/1175/686 1169/1175/686 1166/1172/686
f 1121/1213/687 1122/1216/687 1221/1216/687 1216/1213/687
f 1068/1175/688 1071/1178/688 1170/1178/688 1169/1175/688
f 1122/1216/689 1128/1257/689 1223/1257/689 1221/1216/689
f 1071/1178/690 1075/1182/690 1172/1182/690 1170/1178/690
f 1750/1272/691 1223/1257/691 1128/1257/691 1133/1263/691 1731/1263/691 1732/1273/691
f 1075/1182/692 1081/1185/692 1174/1185/692 1172/1182/692
f 1133/1263/693 1733/1274/693 1731/1263/693
f 1081/1185/694 1085/1188/694 1180/1188/694 1174/1185/694
f 1085/1188/695 1089/1191/695 1185/1191/695 1180/1188/695
f 1784/1247/696 1781/1275/696 1034/1247/696
f 1720/1207/398 1691/1276/398 1448/1210/398 1444/1207/398
f 1156/1160/395 1158/1163/395 1266/1163/395 1263/1160/395
f 1199/1203/395 1204/1203/395 1319/1204/395 1314/1203/395
f 1158/1163/395 1160/1166/395 1271/1166/395 1266/1163/395
f 1204/1204/395 1206/1277/395 1323/1207/395 1319/1204/395
f 1160/1166/395 1163/1169/395 1272/1278/395 1271/1166/395
f 1206/1207/395 1210/1210/395 1326/1210/395 1323/1207/395
f 1163/1169/395 1166/1172/395 1277/1279/395 1272/1169/395
f 1210/1210/395 1216/1213/395 1333/1213/395 1326/1210/395
f 1166/1172/395 1169/1175/395 1280/1172/395 1277/1172/395
f 1216/1213/395 1221/1216/395 1335/1280/395 1333/1213/395
f 1169/1175/395 1170/1178/395 1285/1175/395 1280/1175/395
f 1221/1216/395 1223/1257/395 1339/1281/395 1335/1216/395
f 1170/1178/395 1172/1182/395 1288/1178/395 1285/1178/395
f 1751/1282/395 1344/1257/395 1339/1257/395 1223/1257/395 1750/1272/395
f 1172/1182/395 1174/1185/395 1290/1283/395 1288/1182/395
f 1778/1284/395 1240/1285/395 1236/1284/395 1776/1284/395
f 1753/1286/395 1348/1287/395 1344/1263/395 1751/1263/395
f 1174/1185/395 1180/1188/395 1296/1288/395 1290/1185/395
f 1775/1285/395 1245/1289/395 1240/1285/395 1778/1285/395
f 1730/1290/395 1729/1291/395 1351/1292/395 1348/1292/395 1753/1293/395
f 1180/1188/395 1185/1191/395 1300/1188/395 1296/1188/395
f 1773/1289/395 1249/1247/395 1245/1289/395 1775/1289/395
f 1735/1294/395 1774/1294/395 1354/1294/395 1351/1294/395 1729/1294/395
f 1185/1191/395 1188/1191/395 1302/1194/395 1300/1191/395
f 1773/1247/395 1779/1247/395 1150/1247/395 1254/1252/395 1249/1247/395
f 1777/1295/395 1360/1295/395 1354/1295/395 1774/1295/395
f 1188/1194/395 1190/1194/395 1309/1197/395 1302/1194/395
f 1758/1252/395 1813/1252/395 1155/1252/395 1259/1258/395 1254/1252/395 1150/1252/395 1757/1252/395
f 1776/1296/395 1236/1296/395 1360/1296/395 1777/1296/395
f 1190/1197/395 1197/1197/395 1311/1200/395 1309/1197/395
f 1155/1258/395 1156/1297/395 1263/1160/395 1259/1258/395
f 1477/1033/395 1481/1030/395 1363/1031/395 1369/1030/395 1373/1033/395 1375/1034/395 1379/1035/395 1385/1036/395 1387/1037/395 1393/1038/395 1397/1039/395 1399/1040/395 1403/1041/395 1404/1042/395 1407/1043/395 1409/1044/395 1412/1045/395 1418/1046/395 1423/1047/395 1427/1046/395 1431/1045/395 1435/1044/395 1437/1043/395 1443/1042/395 1444/1041/395 1448/1040/395 1453/1039/395 1459/1038/395 1463/1037/395 1464/1036/395 1469/1035/395 1473/1034/395
f 1721/1169/399 1692/1172/399 1403/1172/399 1399/1169/399
f 1691/1276/400 1693/1298/400 1453/1213/400 1448/1210/400
f 1692/1172/401 1694/1299/401 1404/1175/401 1403/1172/401
f 1693/1298/402 1695/1216/402 1459/1216/402 1453/1213/402
f 1694/1299/403 1696/1300/403 1407/1178/403 1404/1175/403
f 1695/1216/404 1697/1257/404 1463/1257/404 1459/1216/404
f 1696/1300/405 1698/1301/405 1409/1182/405 1407/1178/405
f 1697/1257/406 1699/1302/406 1464/1263/406 1463/1257/406
f 1698/1301/407 1700/1185/407 1412/1185/407 1409/1182/407
f 1722/1303/408 1701/1285/408 1369/1285/408 1363/1284/408
f 1699/1302/409 1702/1293/409 1469/1292/409 1464/1263/409
f 1700/1185/410 1703/1304/410 1418/1188/410 1412/1185/410
f 1701/1285/411 1704/1289/411 1373/1289/411 1369/1285/411
f 1702/1293/412 1705/1305/412 1473/1294/412 1469/1292/412
f 1703/1304/413 1706/1306/413 1423/1191/413 1418/1188/413
f 1704/1289/414 1707/1247/414 1375/1247/414 1373/1289/414
f 1705/1305/415 1708/1295/415 1477/1295/415 1473/1294/415
f 1706/1306/416 1709/1307/416 1427/1194/416 1423/1191/416
f 1707/1247/417 1710/1251/417 1379/1252/417 1375/1247/417
f 1708/1295/421 1711/1308/421 1481/1296/421 1477/1295/421
f 1709/1307/419 1712/1197/419 1431/1197/419 1427/1194/419
f 1710/1251/420 1713/1258/420 1385/1258/420 1379/1252/420
f 1711/1308/418 1722/1309/418 1363/1310/418 1481/1296/418
f 1712/1197/422 1714/1200/422 1435/1200/422 1431/1197/422
f 1713/1258/423 1715/1160/423 1387/1160/423 1385/1258/423
f 1714/1200/424 1716/1311/424 1437/1203/424 1435/1200/424
f 1715/1160/425 1717/1312/425 1393/1163/425 1387/1160/425
f 1716/1311/426 1718/1313/426 1443/1204/426 1437/1203/426
f 1717/1312/427 1719/1314/427 1397/1166/427 1393/1163/427
f 1718/1313/396 1720/1207/396 1444/1207/396 1443/1204/396
f 1719/1314/397 1721/1169/397 1399/1169/397 1397/1166/397
f 1280/1175/697 1285/1178/697 1619/1300/697 1618/1175/697
f 1536/1310/428 1578/1310/428 1682/1308/428 1661/1310/428
f 1277/1172/698 1280/1175/698 1618/1175/698 1616/1172/698
f 1583/1200/428 1580/1197/428 1683/1315/428 1685/1200/428
f 1272/1169/699 1277/1172/699 1616/1172/699 1613/1169/699
f 1585/1160/428 1582/1258/428 1684/1316/428 1686/1160/428
f 1271/1166/700 1272/1169/700 1613/1169/700 1612/1314/700
f 1587/1203/428 1583/1200/428 1685/1317/428 1687/1203/428
f 1484/1276/428 1488/1207/428 1659/1318/428 1662/1276/428
f 1266/1163/701 1271/1166/701 1612/1314/701 1610/1163/701
f 1590/1163/428 1585/1160/428 1686/1319/428 1688/1163/428
f 1493/1320/428 1496/1169/428 1660/1169/428 1663/1320/428
f 1263/1160/702 1266/1163/702 1610/1163/702 1608/1160/702
f 1592/1277/428 1587/1203/428 1687/1321/428 1689/1277/428
f 1501/1322/428 1484/1276/428 1662/1323/428 1664/1322/428
f 1259/1258/703 1263/1160/703 1608/1160/703 1606/1259/703
f 1594/1314/428 1590/1163/428 1688/1324/428 1690/1314/428
f 1360/1296/704 1236/1310/704 1596/1309/704 1658/1308/704
f 1504/1175/428 1493/1320/428 1663/1320/428 1665/1175/428
f 1254/1252/705 1259/1258/705 1606/1259/705 1604/1252/705
f 1488/1207/428 1592/1277/428 1689/1325/428 1659/1207/428
f 1354/1295/706 1360/1296/706 1658/1308/706 1655/1295/706
f 1511/1216/428 1501/1322/428 1664/1322/428 1666/1216/428
f 1249/1247/707 1254/1252/707 1604/1252/707 1602/1326/707
f 1496/1169/428 1594/1314/428 1690/1314/428 1660/1169/428
f 1351/1294/708 1354/1295/708 1655/1295/708 1653/1294/708
f 1515/1300/428 1504/1175/428 1665/1175/428 1667/1300/428
f 1245/1289/709 1249/1247/709 1602/1326/709 1600/1289/709
f 1348/1292/710 1351/1294/710 1653/1294/710 1651/1293/710
f 1519/1257/428 1511/1216/428 1666/1216/428 1668/1257/428
f 1240/1285/711 1245/1289/711 1600/1289/711 1598/1285/711
f 1344/1263/712 1348/1292/712 1651/1293/712 1649/1263/712
f 1612/1314/397 1613/1169/397 1660/1169/397 1690/1314/397
f 1637/1277/396 1639/1207/396 1659/1207/396 1689/1277/396
f 1610/1163/427 1612/1314/427 1690/1314/427 1688/1163/427
f 1635/1311/426 1637/1277/426 1689/1277/426 1687/1203/426
f 1608/1160/425 1610/1163/425 1688/1163/425 1686/1160/425
f 1633/1200/424 1635/1311/424 1687/1203/424 1685/1200/424
f 1606/1259/423 1608/1160/423 1686/1160/423 1684/1258/423
f 1631/1197/422 1633/1200/422 1685/1200/422 1683/1197/422
f 1658/1308/418 1596/1309/418 1661/1310/418 1682/1308/418
f 1604/1252/420 1606/1259/420 1684/1258/420 1681/1327/420
f 1629/1307/419 1631/1197/419 1683/1197/419 1680/1194/419
f 1655/1295/421 1658/1308/421 1682/1308/421 1679/1295/421
f 1602/1326/417 1604/1252/417 1681/1327/417 1678/1328/417
f 1627/1191/416 1629/1307/416 1680/1194/416 1677/1306/416
f 1653/1294/415 1655/1295/415 1679/1295/415 1676/1305/415
f 1600/1289/414 1602/1326/414 1678/1328/414 1675/1329/414
f 1625/1188/413 1627/1191/413 1677/1306/413 1674/1304/413
f 1651/1293/412 1653/1294/412 1676/1305/412 1673/1292/412
f 1598/1285/411 1600/1289/411 1675/1329/411 1672/1285/411
f 1624/1185/410 1625/1188/410 1674/1304/410 1671/1330/410
f 1649/1263/409 1651/1293/409 1673/1292/409 1670/1263/409
f 1596/1284/408 1598/1285/408 1672/1285/408 1661/1284/408
f 1622/1331/407 1624/1185/407 1671/1330/407 1669/1301/407
f 1647/1257/406 1649/1263/406 1670/1263/406 1668/1257/406
f 1619/1300/405 1622/1331/405 1669/1301/405 1667/1300/405
f 1645/1216/404 1647/1257/404 1668/1257/404 1666/1216/404
f 1618/1175/403 1619/1300/403 1667/1300/403 1665/1175/403
f 1644/1322/402 1645/1216/402 1666/1216/402 1664/1322/402
f 1616/1172/401 1618/1175/401 1665/1175/401 1663/1320/401
f 1642/1276/400 1644/1322/400 1664/1322/400 1662/1276/400
f 1613/1169/399 1616/1172/399 1663/1320/399 1660/1169/399
f 1639/1207/398 1642/1276/398 1662/1276/398 1659/1207/398
f 1582/1258/428 1572/1327/428 1681/1332/428 1684/1258/428
f 1285/1178/713 1288/1182/713 1622/1331/713 1619/1300/713
f 1580/1197/428 1569/1194/428 1680/1197/428 1683/1197/428
f 1288/1182/714 1290/1185/714 1624/1185/714 1622/1331/714
f 1578/1308/428 1565/1296/428 1679/1295/428 1682/1308/428
f 1290/1185/715 1296/1188/715 1625/1188/715 1624/1185/715
f 1572/1327/428 1561/1328/428 1678/1333/428 1681/1327/428
f 1296/1188/716 1300/1191/716 1627/1191/716 1625/1188/716
f 1569/1194/428 1559/1306/428 1677/1334/428 1680/1194/428
f 1300/1191/717 1302/1194/717 1629/1307/717 1627/1191/717
f 1565/1295/428 1555/1305/428 1676/1305/428 1679/1295/428
f 1302/1194/718 1309/1197/718 1631/1197/718 1629/1307/718
f 1561/1328/428 1551/1329/428 1675/1335/428 1678/1328/428
f 1309/1197/719 1311/1200/719 1633/1200/719 1631/1197/719
f 1559/1306/428 1547/1306/428 1674/1304/428 1677/1306/428
f 1311/1200/720 1314/1203/720 1635/1311/720 1633/1200/720
f 1555/1305/428 1542/1292/428 1673/1292/428 1676/1305/428
f 1314/1203/721 1319/1204/721 1637/1277/721 1635/1311/721
f 1551/1329/428 1534/1285/428 1672/1336/428 1675/1329/428
f 1319/1204/722 1323/1207/722 1639/1207/722 1637/1277/722
f 1547/1304/428 1530/1188/428 1671/1330/428 1674/1304/428
f 1323/1207/723 1326/1210/723 1642/1276/723 1639/1207/723
f 1542/1292/428 1526/1263/428 1670/1263/428 1673/1292/428
f 1326/1210/724 1333/1213/724 1644/1322/724 1642/1276/724
f 1534/1285/428 1536/1284/428 1661/1285/428 1672/1285/428
f 1333/1213/725 1335/1216/725 1645/1216/725 1644/1322/725
f 1530/1330/428 1521/1301/428 1669/1301/428 1671/1330/428
f 1335/1216/726 1339/1257/726 1647/1257/726 1645/1216/726
f 1526/1263/428 1519/1257/428 1668/1257/428 1670/1263/428
f 1339/1257/727 1344/1263/727 1649/1263/727 1647/1257/727
f 1236/1284/728 1240/1285/728 1598/1285/728 1596/1284/728
f 1521/1301/428 1515/1300/428 1667/1300/428 1669/1301/428
f 1594/1314/397 1496/1169/397 1721/1169/397 1719/1314/397
f 1592/1277/396 1488/1207/396 1720/1207/396 1718/1313/396
f 1590/1163/427 1594/1314/427 1719/1314/427 1717/1312/427
f 1587/1203/426 1592/1277/426 1718/1313/426 1716/1311/426
f 1585/1160/425 1590/1163/425 1717/1312/425 1715/1160/425
f 1583/1200/424 1587/1203/424 1716/1311/424 1714/1200/424
f 1764/1295/428 1565/1295/428 1578/1295/428 1765/1295/428
f 1580/1197/422 1583/1200/422 1714/1200/422 1712/1197/422
f 1736/1337/543 1756/1257/543 1697/1257/543 1519/1257/543 1752/1257/543 1743/1257/543 1740/1257/543 1737/1257/543
f 1769/1285/428 1534/1285/428 1551/1329/428 1770/1285/428
f 1569/1194/419 1580/1197/419 1712/1197/419 1709/1307/419
f 1797/1308/395 1711/1308/395 1708/1295/395 1796/1308/395
f 1804/1289/395 1704/1289/395 1701/1289/395 1803/1289/395
f 1559/1306/416 1569/1194/416 1709/1307/416 1706/1306/416
f 1762/1292/428 1542/1292/428 1555/1292/428 1763/1292/428
f 1795/1305/395 1705/1305/395 1702/1293/395 1794/1305/395
f 1547/1304/413 1559/1306/413 1706/1306/413 1703/1304/413
f 1772/1327/428 1572/1327/428 1582/1258/428 1768/1327/428
f 1802/1338/395 1713/1258/395 1710/1258/395 1801/1338/395
f 1530/1330/410 1547/1304/410 1703/1304/410 1700/1185/410
f 1752/1257/428 1519/1257/428 1526/1257/428 1755/1257/428
f 1765/1308/428 1578/1308/428 1536/1308/428 1766/1308/428
f 1521/1301/407 1530/1330/407 1700/1185/407 1698/1301/407
f 1744/1339/395 1745/1340/395 1699/1302/395 1697/1257/395 1756/1263/395
f 1515/1300/405 1521/1301/405 1698/1301/405 1696/1300/405
f 1511/1216/404 1519/1257/404 1697/1257/404 1695/1216/404
f 1504/1175/403 1515/1300/403 1696/1300/403 1694/1299/403
f 1501/1322/402 1511/1216/402 1695/1216/402 1693/1298/402
f 1493/1320/401 1504/1175/401 1694/1299/401 1692/1172/401
f 1484/1276/400 1501/1322/400 1693/1298/400 1691/1276/400
f 1496/1169/399 1493/1320/399 1692/1172/399 1721/1169/399
f 1488/1207/398 1484/1276/398 1691/1276/398 1720/1207/398
f 1801/1251/395 1710/1251/395 1707/1251/395 1805/1251/395
f 1771/1328/428 1561/1328/428 1572/1327/428 1772/1328/428
f 1746/1293/395 1794/1293/395 1702/1293/395 1699/1302/395 1745/1293/395
f 1754/1263/428 1755/1263/428 1526/1263/428 1542/1263/428 1762/1263/428
f 1800/1160/395 1715/1160/395 1713/1160/395 1802/1341/395
f 1803/1285/395 1701/1285/395 1722/1285/395 1798/1285/395
f 1768/1258/428 1582/1258/428 1585/1160/428 1767/1258/428
f 1796/1295/395 1708/1295/395 1705/1305/395 1795/1295/395
f 1766/1284/428 1536/1284/428 1534/1285/428 1769/1284/428
f 1761/1342/639 1767/1160/639 1585/1160/639 1715/1160/639 1800/1160/639 1799/1160/639 1723/1160/639 1724/1160/639 1760/1342/639
f 1763/1305/428 1555/1305/428 1565/1305/428 1764/1305/428
f 1805/1247/395 1707/1247/395 1704/1247/395 1804/1247/395
f 1798/1309/395 1722/1309/395 1711/1308/395 1797/1309/395
f 1770/1289/428 1551/1329/428 1561/1328/428 1771/1289/428
f 1009/783/396 893/783/396 1857/900/396 1839/899/396 892/784/396 1003/784/396
o Цилиндр.002
v -1.204254 -0.314582 -0.126724
v -1.375566 -0.518581 -0.196527
v -1.337225 -0.518581 -0.192751
v -1.204254 0.003781 -0.126724
v -1.216486 -0.322652 -0.208324
v -1.333853 -0.092208 0.089496
v -1.300358 -0.518581 -0.181567
v -1.216486 0.027791 -0.208324
v -1.266381 -0.518581 -0.163406
v -0.989280 -0.314582 -0.126724
v -0.989280 0.003781 -0.126724
v -1.333853 -0.092208 -0.089496
v -1.236600 -0.518581 -0.138966
v -0.977048 -0.322652 -0.208324
v -1.084702 -0.389539 0.089496
v -0.977048 0.027791 -0.208324
v -1.212159 -0.518581 -0.109185
v -1.204254 -0.197412 -0.126724
v -1.216486 -0.192537 -0.208324
v -1.084702 0.075217 0.089496
v -1.193998 -0.518581 -0.075208
v -0.977048 -0.192537 -0.208324
v -1.084702 -0.389539 -0.089496
v -0.989280 -0.197412 -0.126724
v -1.182815 -0.518581 -0.038341
v -1.190017 0.001323 -0.329737
v -1.084702 0.075217 -0.089496
v -1.003517 0.001323 -0.329737
v -1.179039 -0.518581 -0.000000
v -1.190017 -0.166069 -0.329737
v -1.003517 -0.166069 -0.329737
v -0.877529 -0.182365 0.089496
v -1.182815 -0.518581 0.038340
v -1.216486 0.027791 -0.329737
v -0.877529 -0.035597 0.089496
v -0.977048 0.027791 -0.329737
v -1.216486 -0.192537 -0.329737
v -0.877529 -0.182365 -0.089496
v -1.193998 -0.518581 0.075208
v -0.977048 -0.192537 -0.329737
v -1.212159 -0.518581 0.109185
v -1.190017 0.001323 -0.394780
v -0.877529 -0.035597 -0.089496
v -1.003517 0.001323 -0.394780
v -1.236600 -0.518581 0.138966
v -1.190017 -0.166069 -0.394780
v -1.003517 -0.166069 -0.394780
v -1.209277 -0.389539 -0.089496
v -1.216486 -0.192537 -0.126724
v -1.209277 0.046911 -0.089496
v -1.216486 0.027791 -0.126724
v -1.266381 -0.518581 0.163406
v -0.977048 -0.192537 -0.126724
v -1.300358 -0.518581 0.181567
v -1.209277 -0.389539 0.089496
v -0.977048 -0.322652 -0.126724
v -1.216486 -0.322652 -0.126724
v -1.337225 -0.518581 0.192751
v -0.977048 0.027791 -0.126724
v -1.209277 0.046911 0.089496
v -0.981115 0.075217 0.089496
v -1.375566 -0.518581 0.196527
v -0.981115 0.075217 -0.089496
v -1.413906 -0.518581 0.192751
v -1.450773 -0.518581 0.181567
v -0.981115 -0.325700 -0.089496
v -1.216486 -0.138494 -0.126724
v -0.981115 -0.325700 0.089496
v -1.484750 -0.518581 0.163406
v -1.216486 -0.138494 -0.208324
v -1.032909 0.075217 -0.089496
v -0.977048 -0.132879 -0.208324
v -1.514531 -0.518581 0.138966
v -0.977048 -0.132879 -0.132339
v -1.538972 -0.518581 0.109185
v -1.216486 -0.138494 -0.329737
v -1.032909 -0.365853 -0.089496
v -0.977048 -0.132879 -0.324121
v -1.190017 -0.125010 -0.329737
v -1.557133 -0.518581 0.075208
v -1.032909 0.075217 0.089496
v -1.003517 -0.125010 -0.329737
v -1.568316 -0.518581 0.038340
v -1.190017 -0.125010 -0.394780
v -1.032909 -0.365853 0.089496
v -1.003517 -0.125010 -0.394780
v -1.572093 -0.518581 -0.000000
v -1.204254 -0.148062 -0.126724
v -1.419974 -0.312258 0.089496
v -0.989280 -0.148062 -0.126724
v -1.568316 -0.518581 -0.038341
v -1.419974 -0.312258 -0.089496
v -1.216486 -0.022094 -0.126724
v -1.557133 -0.518581 -0.075208
v -1.204254 -0.041772 -0.126724
v -1.538972 -0.518581 -0.109185
v -1.084702 -0.243324 0.089496
v -1.216486 -0.022094 -0.208324
v -1.514531 -0.518581 -0.138966
v -0.977048 -0.022094 -0.208324
v -0.877529 -0.136191 -0.089496
v -0.977048 -0.027710 -0.132339
v -1.484750 -0.518581 -0.163406
v -1.216486 -0.022094 -0.329737
v -0.877529 -0.136191 0.089496
v -0.977048 -0.027710 -0.324121
v -1.190017 -0.036577 -0.329737
v -1.450773 -0.518581 -0.181567
v -1.003517 -0.036577 -0.329737
v -1.209277 -0.252229 0.089496
v -1.190017 -0.036577 -0.394780
v -1.413906 -0.518581 -0.192751
v -1.003517 -0.036577 -0.394780
v -1.209277 -0.252229 -0.089496
v -1.266381 -0.482157 -0.163406
v -0.989280 -0.041772 -0.126724
v -0.981115 -0.199569 0.089496
v -0.977048 -0.022094 -0.126724
v -0.981115 -0.199569 -0.089496
v -1.236600 -0.482157 -0.138966
v -0.977048 -0.138494 -0.126724
v -0.977048 -0.022094 -0.329737
v -1.514531 -0.482157 -0.138966
v -0.977048 -0.138494 -0.329737
v -0.977048 -0.138494 -0.208324
v -1.484750 -0.482157 -0.163406
v -0.977048 -0.027710 -0.208324
v -1.032909 -0.227090 0.089496
v -0.930934 -0.027710 -0.208324
v -1.333853 -0.160339 0.089496
v -0.930934 -0.132879 -0.208324
v -1.538972 -0.482157 -0.109185
v -0.930934 -0.031916 -0.136545
v -1.557133 -0.482157 -0.075208
v -0.981115 -0.016650 0.089496
v -0.930934 -0.128673 -0.136545
v -0.930934 -0.031916 -0.319915
v -1.568316 -0.482157 -0.038341
v -0.930934 -0.128673 -0.319915
v -1.032909 -0.025850 0.089496
v -0.930934 -0.027710 -0.132339
v -1.333853 -0.160339 -0.089496
v -0.930934 -0.132879 -0.132339
v -1.572093 -0.482157 -0.000000
v -0.930934 -0.027710 -0.324121
v -0.930934 -0.132879 -0.324121
v -1.568316 -0.482157 0.038340
v -0.930934 -0.128673 -0.208324
v -1.557133 -0.482157 0.075208
v -0.930934 -0.031916 -0.208324
v -1.084702 -0.031278 0.089496
v -0.940664 -0.031916 -0.208324
v -1.538972 -0.482157 0.109185
v -0.877529 -0.069228 -0.089496
v -0.940664 -0.128673 -0.208324
v -0.940664 -0.031916 -0.136545
v -1.514531 -0.482157 0.138966
v -0.940664 -0.128673 -0.136545
v -0.877529 -0.069228 0.089496
v -0.940664 -0.031916 -0.319915
v -1.209277 -0.053097 0.089496
v -1.484750 -0.482157 0.163406
v -0.940664 -0.128673 -0.319915
v -1.216486 -0.033734 -0.208324
v -1.209277 -0.053097 -0.089496
v -1.450773 -0.482157 0.181567
v -1.216486 -0.045374 -0.208324
v -1.216486 -0.057014 -0.208324
v -0.981115 -0.016650 -0.089496
v -1.216486 -0.068654 -0.208324
v -1.413906 -0.482157 0.192751
v -1.216486 -0.080294 -0.208324
v -1.375566 -0.482157 0.196527
v -1.216486 -0.091934 -0.208324
v -1.337225 -0.482157 0.192751
v -1.216486 -0.103574 -0.208324
v -1.641602 -0.389539 0.089496
v -1.216486 -0.115214 -0.208324
v -1.216486 -0.126854 -0.208324
v -1.300358 -0.482157 0.181567
v -0.977048 -0.033734 -0.126724
v -1.641602 -0.389539 -0.089496
v -0.977048 -0.045374 -0.126724
v -1.266381 -0.482157 0.163406
v -0.977048 -0.057014 -0.126724
v -1.641602 -0.312258 0.089496
v -1.641602 -0.312258 -0.089496
v -0.977048 -0.068654 -0.126724
v -0.977048 -0.080294 -0.126724
v -1.236600 -0.482157 0.138966
v -0.977048 -0.091934 -0.126724
v -1.212159 -0.482157 0.109185
v -1.193998 -0.482157 0.075208
v -0.977048 -0.103574 -0.126724
v -1.182815 -0.482157 0.038340
v -0.977048 -0.115214 -0.126724
v -0.977048 -0.126854 -0.126724
v -1.468756 -0.312258 0.089496
v -1.179039 -0.482157 -0.000000
v -1.216486 -0.033734 -0.329737
v -1.216486 -0.045374 -0.329737
v -1.468756 -0.312258 -0.089496
v -1.216486 -0.057014 -0.329737
v -1.182815 -0.482157 -0.038341
v -1.193998 -0.482157 -0.075208
v -1.216486 -0.068654 -0.329737
v -1.212159 -0.482157 -0.109185
v -1.216486 -0.080294 -0.329737
v -1.336056 -0.092208 0.053652
v -1.216486 -0.091934 -0.329737
v -1.216486 -0.103574 -0.329737
v -1.300358 -0.482157 -0.181567
v -1.336056 -0.092208 -0.053653
v -1.216486 -0.115214 -0.329737
v -1.216486 -0.126854 -0.329737
v -1.337225 -0.482157 -0.192751
v -0.977048 -0.033734 -0.329737
v -1.083016 -0.389539 0.053652
v -0.977048 -0.045374 -0.329737
v -1.375566 -0.482157 -0.196527
v -0.977048 -0.057014 -0.329737
v -1.083016 -0.389539 -0.053653
v -1.413906 -0.482157 -0.192751
v -0.977048 -0.068654 -0.329737
v -0.977048 -0.080294 -0.329737
v -1.083016 0.075217 -0.053653
v -0.977048 -0.091934 -0.329737
v -1.450773 -0.482157 -0.181567
v -0.977048 -0.103574 -0.329737
v -1.083016 0.075217 0.053652
v -0.872608 -0.182365 0.053652
v -0.977048 -0.115214 -0.329737
v -1.258056 -0.482157 -0.175865
v -0.977048 -0.126854 -0.329737
v -0.872608 -0.182365 -0.053653
v -1.190017 -0.045420 -0.329737
v -1.190017 -0.054264 -0.329737
v -1.226005 -0.482157 -0.149561
v -1.190017 -0.063107 -0.329737
v -1.525126 -0.482157 -0.149561
v -0.872608 -0.035597 -0.053653
v -1.190017 -0.071950 -0.329737
v -1.190017 -0.080794 -0.329737
v -1.493075 -0.482157 -0.175865
v -1.190017 -0.089637 -0.329737
v -0.872608 -0.035597 0.053652
v -1.190017 -0.098480 -0.329737
v -1.551431 -0.482157 -0.117509
v -1.190017 -0.107324 -0.329737
v -1.209536 0.046911 -0.053653
v -1.209536 0.046911 0.053652
v -1.190017 -0.116167 -0.329737
v -1.003517 -0.045420 -0.329737
v -1.570976 -0.482157 -0.080942
v -1.209536 -0.389539 -0.053653
v -1.003517 -0.054264 -0.329737
v -1.583013 -0.482157 -0.041264
v -1.003517 -0.063107 -0.329737
v -1.003517 -0.071950 -0.329737
v -1.587077 -0.482157 -0.000000
v -1.003517 -0.080794 -0.329737
v -1.209536 -0.389539 0.053652
v -1.003517 -0.089637 -0.329737
v -1.583013 -0.482157 0.041264
v -0.977812 -0.325700 -0.053653
v -1.003517 -0.098480 -0.329737
v -0.977812 -0.325700 0.053652
v -1.003517 -0.107324 -0.329737
v -1.570976 -0.482157 0.080942
v -1.003517 -0.116167 -0.329737
v -1.190017 -0.045420 -0.394780
v -1.551431 -0.482157 0.117509
v -0.977812 0.075217 0.053652
v -1.190017 -0.054264 -0.394780
v -1.190017 -0.063107 -0.394780
v -0.977812 0.075217 -0.053653
v -1.525126 -0.482157 0.149561
v -1.190017 -0.071950 -0.394780
v -1.190017 -0.080794 -0.394780
v -1.493075 -0.482157 0.175865
v -1.030414 0.075217 0.053652
v -1.190017 -0.089637 -0.394780
v -1.030414 0.075217 -0.053653
v -1.190017 -0.098480 -0.394780
v -1.456507 -0.482157 0.195411
v -1.190017 -0.107324 -0.394780
v -1.190017 -0.116167 -0.394780
v -1.416829 -0.482157 0.207447
v -1.030414 -0.365853 -0.053653
v -1.003517 -0.045420 -0.394780
v -1.375566 -0.482157 0.211511
v -1.003517 -0.054264 -0.394780
v -1.003517 -0.063107 -0.394780
v -1.030414 -0.365853 0.053652
v -1.334302 -0.482157 0.207447
v -1.003517 -0.071950 -0.394780
v -0.872608 -0.136191 -0.053653
v -1.003517 -0.080794 -0.394780
v -1.294624 -0.482157 0.195411
v -1.003517 -0.089637 -0.394780
v -1.003517 -0.098480 -0.394780
v -0.872608 -0.136191 0.053652
v -1.258056 -0.482157 0.175865
v -1.003517 -0.107324 -0.394780
v -1.423522 -0.312258 0.053652
v -1.003517 -0.116167 -0.394780
v -1.226005 -0.482157 0.149561
v -0.989280 -0.052401 -0.126724
v -1.423522 -0.312258 -0.053653
v -0.989280 -0.063030 -0.126724
v -0.989280 -0.073659 -0.126724
v -1.199700 -0.482157 0.117509
v -0.872608 -0.069228 -0.053653
v -0.989280 -0.084288 -0.126724
v -0.872608 -0.069228 0.053652
v -0.989280 -0.094917 -0.126724
v -1.180155 -0.482157 0.080942
v -0.989280 -0.105546 -0.126724
v -1.168118 -0.482157 0.041264
v -0.989280 -0.116175 -0.126724
v -1.336056 -0.160339 0.053652
v -0.989280 -0.126804 -0.126724
v -1.336056 -0.160339 -0.053653
v -0.989280 -0.137433 -0.126724
v -1.164054 -0.482157 -0.000000
v -1.168118 -0.482157 -0.041264
v -1.648610 -0.389539 -0.053653
v -1.180155 -0.482157 -0.080942
v -1.648610 -0.389539 0.053652
v -1.199700 -0.482157 -0.117509
v -1.648610 -0.312258 0.053652
v -1.294624 -0.482157 -0.195411
v -1.648610 -0.312258 -0.053653
v -1.216486 -0.126854 -0.126724
v -1.334302 -0.482157 -0.207447
v -1.375566 -0.482157 -0.211511
v -1.216486 -0.115214 -0.126724
v -1.216486 -0.103574 -0.126724
v -1.416829 -0.482157 -0.207447
v -1.216486 -0.091934 -0.126724
v -1.634847 -0.389539 0.089496
v -1.216486 -0.080294 -0.126724
v -1.456507 -0.482157 -0.195411
v -1.634847 -0.312258 0.089496
v -1.216486 -0.068654 -0.126724
v -1.216486 -0.057014 -0.126724
v -1.258056 -0.452547 -0.175865
v -1.216486 -0.045374 -0.126724
v -1.634847 -0.389539 -0.089496
v -1.216486 -0.033734 -0.126724
v -1.634847 -0.312258 -0.089496
v -1.226005 -0.452547 -0.149561
v -1.204254 -0.137433 -0.126724
v -1.204254 -0.126804 -0.126724
v -1.525126 -0.452547 -0.149561
v -1.641750 -0.389539 -0.053653
v -1.204254 -0.116175 -0.126724
v -1.641750 -0.389539 0.053652
v -1.204254 -0.105546 -0.126724
v -1.493075 -0.452547 -0.175865
v -1.204254 -0.094917 -0.126724
v -1.204254 -0.084288 -0.126724
v -1.485479 -0.312258 -0.053653
v -1.551431 -0.452547 -0.117509
v -1.204254 -0.073659 -0.126724
v -1.473066 -0.312258 -0.044735
v -1.204254 -0.063030 -0.126724
v -1.204254 -0.052401 -0.126724
v -1.570976 -0.452547 -0.080942
v -1.460653 -0.312258 -0.053653
v -1.583013 -0.452547 -0.041264
v -1.471998 -0.312258 -0.062537
v -1.587077 -0.452547 -0.000000
v -1.583013 -0.452547 0.041264
v -1.473066 -0.312258 0.044735
v -1.485479 -0.312258 0.053652
v -1.570976 -0.452547 0.080942
v -1.551431 -0.452547 0.117509
v -1.471998 -0.312258 0.062537
v -0.977048 -0.038227 -0.132339
v -1.525126 -0.452547 0.149561
v -0.977048 -0.048744 -0.132339
v -1.460653 -0.312258 0.053652
v -0.977048 -0.059261 -0.132339
v -1.493075 -0.452547 0.175865
v -0.977048 -0.069778 -0.132339
v -0.977048 -0.080294 -0.132339
v -1.629337 -0.312258 0.053652
v -1.456507 -0.452547 0.195411
v -0.977048 -0.090811 -0.132339
v -1.641750 -0.312258 0.044735
v -0.977048 -0.101328 -0.132339
v -0.977048 -0.111845 -0.132339
v -1.416829 -0.452547 0.207447
v -1.648604 -0.312258 0.053652
v -0.977048 -0.122362 -0.132339
v -0.977048 -0.038227 -0.324121
v -1.375566 -0.452547 0.211511
v -0.977048 -0.048744 -0.324121
v -1.640049 -0.312258 0.062486
v -1.334302 -0.452547 0.207447
v -0.977048 -0.059261 -0.324121
v -1.641750 -0.312258 -0.044735
v -0.977048 -0.069777 -0.324121
v -0.977048 -0.080294 -0.324121
v -1.629337 -0.312258 -0.053653
v -1.294624 -0.452547 0.195411
v -0.977048 -0.090811 -0.324121
v -1.640049 -0.312258 -0.062486
v -0.977048 -0.101328 -0.324121
v -1.258056 -0.452547 0.175865
v -0.977048 -0.111845 -0.324121
v -0.977048 -0.122362 -0.324121
v -1.648604 -0.312258 -0.053653
v -0.930934 -0.038227 -0.132339
v -1.226005 -0.452547 0.149561
v -0.930934 -0.048744 -0.132339
v -1.473066 -0.102073 -0.044735
v -0.930934 -0.059261 -0.132339
v -1.199700 -0.452547 0.117509
v -1.180155 -0.452547 0.080942
v -0.930934 -0.069778 -0.132339
v -1.485479 -0.102073 -0.053653
v -0.930934 -0.080294 -0.132339
v -1.485479 -0.102073 0.053652
v -0.930934 -0.090811 -0.132339
v -1.168118 -0.452547 0.041264
v -0.930934 -0.101328 -0.132339
v -1.473066 -0.102073 0.044735
v -0.930934 -0.111845 -0.132339
v -1.164054 -0.452547 -0.000000
v -0.930934 -0.122362 -0.132339
v -0.930934 -0.038227 -0.324121
v -1.641750 -0.102073 0.044735
v -0.930934 -0.048744 -0.324121
v -1.168118 -0.452547 -0.041264
v -0.930934 -0.059261 -0.324121
v -1.180155 -0.452547 -0.080942
v -1.629337 -0.102073 0.053652
v -0.930934 -0.069777 -0.324121
v -1.629337 -0.102073 -0.053653
v -0.930934 -0.080294 -0.324121
v -1.199700 -0.452547 -0.117509
v -0.930934 -0.090811 -0.324121
v -1.641750 -0.102073 -0.044735
v -0.930934 -0.101328 -0.324121
v -1.294624 -0.452547 -0.195411
v -0.930934 -0.111845 -0.324121
v -0.930934 -0.122362 -0.324121
v -1.333853 -0.122355 0.089496
v -0.930934 -0.041592 -0.136545
v -1.334302 -0.452547 -0.207447
v -0.930934 -0.051267 -0.136545
v -1.375566 -0.452547 -0.211511
v -0.981115 0.035224 0.089496
v -0.930934 -0.060943 -0.136545
v -0.930934 -0.070619 -0.136545
v -1.416829 -0.452547 -0.207447
v -1.032909 0.031407 0.089496
v -0.930934 -0.080294 -0.136545
v -0.930934 -0.089970 -0.136545
v -1.456507 -0.452547 -0.195411
v -0.930934 -0.099646 -0.136545
v -1.333853 -0.122355 -0.089496
v -1.248429 -0.452547 -0.190274
v -0.930934 -0.109321 -0.136545
v -1.084702 0.029156 -0.089496
v -0.930934 -0.118997 -0.136545
v -1.213751 -0.452547 -0.161814
v -0.930934 -0.041592 -0.319915
v -1.084702 0.029156 0.089496
v -0.930934 -0.051267 -0.319915
v -0.930934 -0.060943 -0.319915
v -0.877529 -0.051433 -0.089496
v -1.537380 -0.452547 -0.161814
v -0.930934 -0.070619 -0.319915
v -0.930934 -0.080294 -0.319915
v -0.877529 -0.051433 0.089496
v -0.930934 -0.089970 -0.319915
v -1.502702 -0.452547 -0.190274
v -0.930934 -0.099646 -0.319915
v -1.565839 -0.452547 -0.127137
v -0.930934 -0.109321 -0.319915
v -1.209277 0.003541 0.089496
v -1.586986 -0.452547 -0.087573
v -0.930934 -0.118997 -0.319915
v -1.209277 0.003541 -0.089496
v -0.947349 -0.041592 -0.208324
v -1.600008 -0.452547 -0.044645
v -0.940664 -0.051267 -0.208324
v -0.947349 -0.060943 -0.208324
v -0.981115 0.035224 -0.089496
v -0.940664 -0.070619 -0.208324
v -1.032909 0.031407 -0.089496
v -1.604406 -0.452547 -0.000000
v -0.947349 -0.080294 -0.208324
v -0.872608 -0.051433 -0.053653
v -0.940664 -0.089970 -0.208324
v -0.947349 -0.099646 -0.208324
v -1.600008 -0.452547 0.044644
v -0.940664 -0.109321 -0.208324
v -1.586986 -0.452547 0.087573
v -0.947349 -0.118997 -0.208324
v -0.872608 -0.051433 0.053652
v -1.336056 -0.122355 0.053652
v -0.947349 -0.041592 -0.136545
v -1.565839 -0.452547 0.127137
v -0.940664 -0.051267 -0.136545
v -1.336056 -0.122355 -0.053653
v -0.947349 -0.060943 -0.136545
v -0.940664 -0.070619 -0.136545
v -1.537380 -0.452547 0.161814
v -0.947349 -0.080294 -0.136545
v -1.629337 -0.302702 -0.053653
v -1.502702 -0.452547 0.190273
v -0.940664 -0.089970 -0.136545
v -1.473066 -0.302702 -0.044735
v -0.947349 -0.099646 -0.136545
v -1.463139 -0.452547 0.211421
v -0.940664 -0.109321 -0.136545
v -1.420210 -0.452547 0.224443
v -0.947349 -0.118997 -0.136545
v -1.485479 -0.302702 0.053652
v -0.947349 -0.041592 -0.319915
v -0.940664 -0.051267 -0.319915
v -1.375566 -0.452547 0.228840
v -0.947349 -0.060943 -0.319915
v -1.641750 -0.302702 0.044735
v -0.940664 -0.070619 -0.319915
v -1.330921 -0.452547 0.224443
v -0.947349 -0.080294 -0.319915
v -1.641750 -0.302702 -0.044735
v -1.287992 -0.452547 0.211421
v -0.940664 -0.089970 -0.319915
v -0.947349 -0.099646 -0.319915
v -1.485479 -0.302702 -0.053653
v -1.248429 -0.452547 0.190273
v -0.940664 -0.109321 -0.319915
v -1.473066 -0.302702 0.044735
v -0.947349 -0.118997 -0.319915
v -1.213751 -0.452547 0.161814
v -1.629337 -0.302702 0.053652
v -1.185292 -0.452547 0.127137
v -1.164145 -0.452547 0.087573
v -1.151123 -0.452547 0.044644
v -1.146725 -0.452547 -0.000000
v -1.151123 -0.452547 -0.044645
v -1.164145 -0.452547 -0.087573
v -1.185292 -0.452547 -0.127137
v -1.287992 -0.452547 -0.211421
v -1.330921 -0.452547 -0.224443
v -1.375566 -0.452547 -0.228840
v -1.420210 -0.452547 -0.224443
v -1.463139 -0.452547 -0.211421
v -1.248429 -0.403363 -0.190274
v -1.213751 -0.403363 -0.161814
v -1.537380 -0.403363 -0.161814
v -1.502702 -0.403363 -0.190274
v -1.565839 -0.403363 -0.127137
v -1.586986 -0.403363 -0.087573
v -1.600008 -0.403363 -0.044645
v -1.604406 -0.403363 -0.000000
v -1.600008 -0.403363 0.044644
v -1.586986 -0.403363 0.087573
v -1.565839 -0.403363 0.127137
v -1.537380 -0.403363 0.161814
v -1.502702 -0.403363 0.190273
v -1.463139 -0.403363 0.211421
v -1.420210 -0.403363 0.224443
v -1.375566 -0.403363 0.228840
v -1.330921 -0.403363 0.224443
v -1.287992 -0.403363 0.211421
v -1.248429 -0.403363 0.190273
v -1.213751 -0.403363 0.161814
v -1.185292 -0.403363 0.127137
v -1.164145 -0.403363 0.087573
v -1.151123 -0.403363 0.044644
v -1.146725 -0.403363 -0.000000
v -1.151123 -0.403363 -0.044645
v -1.164145 -0.403363 -0.087573
v -1.185292 -0.403363 -0.127137
v -1.287992 -0.403363 -0.211421
v -1.330921 -0.403363 -0.224443
v -1.375566 -0.403363 -0.228840
v -1.420210 -0.403363 -0.224443
v -1.463139 -0.403363 -0.211421
v -1.295522 -0.389980 -0.147371
v -1.273689 -0.389980 -0.125328
v -1.477442 -0.389980 -0.125328
v -1.455609 -0.389980 -0.147371
v -1.495359 -0.389980 -0.098470
v -1.508673 -0.389980 -0.067827
v -1.516872 -0.389980 -0.034578
v -1.519640 -0.389980 -0.000000
v -1.516872 -0.389980 0.034578
v -1.508673 -0.389980 0.067827
v -1.495359 -0.389980 0.098470
v -1.477442 -0.389980 0.125328
v -1.455609 -0.389980 0.147371
v -1.430701 -0.389980 0.163749
v -1.403673 -0.389980 0.173835
v -1.375566 -0.389980 0.177241
v -1.347458 -0.389980 0.173835
v -1.320430 -0.389980 0.163749
v -1.295522 -0.389980 0.147371
v -1.273689 -0.389980 0.125328
v -1.255772 -0.389980 0.098470
v -1.242458 -0.389980 0.067827
v -1.234259 -0.389980 0.034578
v -1.231491 -0.389980 -0.000000
v -1.234259 -0.389980 -0.034578
v -1.242458 -0.389980 -0.067827
v -1.255772 -0.389980 -0.098470
v -1.320430 -0.389980 -0.163750
v -1.347458 -0.389980 -0.173836
v -1.375566 -0.389980 -0.177241
v -1.403673 -0.389980 -0.173836
v -1.430701 -0.389980 -0.163750
v -1.260517 -0.389980 -0.172182
v -1.229137 -0.389980 -0.146429
v -1.521994 -0.389980 -0.146429
v -1.490614 -0.389980 -0.172182
v -1.547747 -0.389980 -0.115048
v -1.566884 -0.389980 -0.079247
v -1.578668 -0.389980 -0.040400
v -1.582647 -0.389980 -0.000000
v -1.578668 -0.389980 0.040399
v -1.566884 -0.389980 0.079247
v -1.547747 -0.389980 0.115048
v -1.521994 -0.389980 0.146428
v -1.490614 -0.389980 0.172182
v -1.454812 -0.389980 0.191318
v -1.415965 -0.389980 0.203102
v -1.375566 -0.389980 0.207081
v -1.335166 -0.389980 0.203102
v -1.296319 -0.389980 0.191318
v -1.260517 -0.389980 0.172182
v -1.229137 -0.389980 0.146428
v -1.203384 -0.389980 0.115048
v -1.184247 -0.389980 0.079247
v -1.172463 -0.389980 0.040399
v -1.168484 -0.389980 -0.000000
v -1.172463 -0.389980 -0.040400
v -1.184247 -0.389980 -0.079247
v -1.203384 -0.389980 -0.115048
v -1.296319 -0.389980 -0.191318
v -1.335166 -0.389980 -0.203102
v -1.375566 -0.389980 -0.207081
v -1.415965 -0.389980 -0.203102
v -1.454812 -0.389980 -0.191318
v -1.295522 -0.344811 -0.147371
v -1.273689 -0.344811 -0.125328
v -1.477442 -0.344811 -0.125328
v -1.455609 -0.344811 -0.147371
v -1.495359 -0.344811 -0.098470
v -1.495359 -0.344811 0.098470
v -1.477442 -0.344811 0.125328
v -1.455609 -0.344811 0.147371
v -1.430701 -0.344811 0.163749
v -1.403673 -0.344811 0.173835
v -1.375566 -0.344811 0.177241
v -1.347458 -0.344811 0.173835
v -1.320430 -0.344811 0.163749
v -1.295522 -0.344811 0.147371
v -1.273689 -0.344811 0.125328
v -1.255772 -0.344811 0.098470
v -1.255772 -0.344811 -0.098470
v -1.320430 -0.344811 -0.163750
v -1.347458 -0.344811 -0.173836
v -1.375566 -0.344811 -0.177241
v -1.403673 -0.344811 -0.173836
v -1.430701 -0.344811 -0.163750
v -1.251873 -0.389539 0.089496
v -1.242458 -0.389539 0.067827
v -1.251873 -0.344811 0.089496
v -1.499259 -0.344811 -0.089496
v -1.499259 -0.344811 0.089496
v -1.251873 -0.344811 -0.089496
v -1.468756 -0.344811 -0.089496
v -1.468756 -0.344811 0.089496
v -1.419974 -0.344811 0.089496
v -1.419974 -0.344811 -0.089496
v -1.516872 -0.389539 0.034578
v -1.519640 -0.389539 -0.000000
v -1.238963 -0.389539 0.053652
v -1.234259 -0.389539 0.034578
v -1.512169 -0.389539 0.053652
v -1.508673 -0.389539 0.067827
v -1.231491 -0.389539 -0.000000
v -1.499259 -0.389539 0.089496
v -1.234259 -0.389539 -0.034578
v -1.238963 -0.389539 -0.053653
v -1.242458 -0.389539 -0.067827
v -1.251873 -0.389539 -0.089496
v -1.499259 -0.389539 -0.089496
v -1.508673 -0.389539 -0.067827
v -1.512169 -0.389539 -0.053653
v -1.516872 -0.389539 -0.034578
v -1.084702 -0.314582 -0.089496
v -1.032909 -0.314582 -0.089496
v -0.989280 -0.203908 -0.089496
v -0.989280 -0.314582 -0.089496
v -1.204254 -0.314582 -0.089496
v -1.204254 -0.251870 -0.089496
v -0.989280 -0.041772 -0.089496
v -0.989280 -0.018100 -0.089496
v -0.989280 -0.197412 -0.089496
v -0.989280 -0.148062 -0.089496
v -0.989280 -0.137433 -0.089496
v -0.989280 -0.126804 -0.089496
v -0.989280 -0.116175 -0.089496
v -0.989280 -0.105546 -0.089496
v -0.989280 -0.052401 -0.089496
v -0.989280 -0.063030 -0.089496
v -0.989280 -0.094917 -0.089496
v -0.989280 -0.084288 -0.089496
v -0.989280 -0.073659 -0.089496
v -1.204254 -0.197412 -0.089496
v -1.204254 -0.148062 -0.089496
v -1.204254 -0.137433 -0.089496
v -1.204254 -0.126804 -0.089496
v -1.204254 -0.116175 -0.089496
v -1.204254 -0.052401 -0.089496
v -1.204254 -0.052217 -0.089496
v -1.204254 -0.073659 -0.089496
v -1.204254 -0.063030 -0.089496
v -1.204254 -0.105546 -0.089496
v -1.204254 -0.094917 -0.089496
v -1.204254 -0.084288 -0.089496
v -1.084702 0.003781 -0.089496
v -1.032909 0.003781 -0.089496
v -0.989280 0.003781 -0.089496
v -1.204254 -0.041772 -0.089496
v -1.204254 0.003781 -0.089496
vn -0.0000 -1.0000 -0.0000
vn -0.8819 -0.0000 0.4714
vn 0.9952 -0.0000 -0.0980
vn -0.7730 -0.0000 0.6344
vn 0.9569 -0.0000 -0.2903
vn -0.6344 -0.0000 0.7730
vn 0.8819 -0.0000 -0.4714
vn -0.4714 -0.0000 0.8819
vn 0.7730 -0.0000 -0.6344
vn -0.2903 -0.0000 0.9569
vn 0.4714 -0.0000 -0.8819
vn -0.0980 -0.0000 0.9952
vn 0.6344 -0.0000 -0.7730
vn 0.2903 -0.0000 -0.9569
vn 0.0980 -0.0000 0.9952
vn -0.6344 -0.0000 -0.7730
vn 0.0980 -0.0000 -0.9952
vn 0.2903 -0.0000 0.9569
vn -0.7730 -0.0000 -0.6344
vn -0.0980 -0.0000 -0.9952
vn 0.4714 -0.0000 0.8819
vn -0.8819 -0.0000 -0.4714
vn -0.2903 -0.0000 -0.9569
vn 0.6344 -0.0000 0.7730
vn -0.9569 -0.0000 -0.2903
vn -0.4714 -0.0000 -0.8819
vn 0.7730 -0.0000 0.6344
vn -0.9952 -0.0000 -0.0980
vn 0.8819 -0.0000 0.4714
vn -0.9952 -0.0000 0.0980
vn 0.9569 -0.0000 0.2903
vn -0.9569 -0.0000 0.2903
vn 0.9952 -0.0000 0.0980
vn 0.1526 0.8506 0.5031
vn 0.9172 -0.0000 0.3985
vn -0.4064 0.8506 -0.3335
vn -0.0515 0.8506 -0.5232
vn 0.2478 0.8506 0.4637
vn -0.4637 0.8506 -0.2478
vn -0.1526 0.8506 -0.5031
vn 0.3335 0.8506 0.4064
vn -0.5031 0.8506 -0.1526
vn -0.2478 0.8506 -0.4637
vn 0.4064 0.8506 0.3335
vn -0.5232 0.8506 -0.0515
vn 0.4637 0.8506 0.2478
vn -0.5232 0.8506 0.0515
vn 0.5031 0.8506 0.1526
vn -0.5031 0.8506 0.1526
vn 0.5232 0.8506 0.0515
vn -0.4637 0.8506 0.2478
vn 0.5232 0.8506 -0.0515
vn -0.4064 0.8506 0.3335
vn 0.5031 0.8506 -0.1526
vn -0.3335 0.8506 0.4064
vn 0.4637 0.8506 -0.2478
vn -0.2478 0.8506 0.4637
vn 0.4064 0.8506 -0.3335
vn -0.1526 0.8506 0.5031
vn 0.2478 0.8506 -0.4637
vn -0.0515 0.8506 0.5232
vn 0.3335 0.8506 -0.4064
vn 0.1526 0.8506 -0.5031
vn 0.0515 0.8506 0.5232
vn -0.3335 0.8506 -0.4064
vn 0.0515 0.8506 -0.5232
vn -0.0000 1.0000 -0.0000
vn -0.9968 -0.0000 0.0798
vn 0.9709 -0.0000 0.2394
vn -0.9709 -0.0000 0.2394
vn 0.9968 -0.0000 0.0798
vn -0.9172 -0.0000 0.3985
vn 0.9968 -0.0000 -0.0798
vn -0.8319 -0.0000 0.5550
vn 0.9709 -0.0000 -0.2394
vn -0.7105 -0.0000 0.7037
vn 0.9172 -0.0000 -0.3985
vn -0.5494 -0.0000 0.8355
vn 0.8319 -0.0000 -0.5550
vn -0.3496 -0.0000 0.9369
vn 0.5494 -0.0000 -0.8355
vn -0.1203 -0.0000 0.9927
vn 0.7105 -0.0000 -0.7037
vn 0.3496 -0.0000 -0.9369
vn 0.1203 -0.0000 0.9927
vn -0.7105 -0.0000 -0.7037
vn 0.1203 -0.0000 -0.9927
vn 0.3496 -0.0000 0.9369
vn -0.8319 -0.0000 -0.5550
vn -0.1203 -0.0000 -0.9927
vn 0.5494 -0.0000 0.8355
vn -0.9172 -0.0000 -0.3985
vn -0.3496 -0.0000 -0.9369
vn 0.7105 -0.0000 0.7037
vn -0.9709 -0.0000 -0.2394
vn -0.5494 -0.0000 -0.8355
vn 0.8319 -0.0000 0.5550
vn -0.9968 -0.0000 -0.0798
vn -0.9981 -0.0000 -0.0614
vn -0.0000 -0.0000 -1.0000
vn 0.7253 0.6833 0.0832
vn -0.0000 -0.0000 1.0000
vn -0.7422 0.6697 0.0255
vn 0.9907 -0.0000 0.1360
vn 0.8049 -0.5862 -0.0923
vn -0.2199 0.9755 -0.0044
vn 0.6090 -0.7917 -0.0493
vn 0.4131 -0.9104 -0.0241
vn -0.8662 0.4949 -0.0695
vn -0.9814 -0.0000 -0.1919
vn -0.9814 -0.0000 0.1919
vn -1.0000 -0.0000 -0.0000
vn -0.8662 0.4949 0.0695
vn 0.9907 -0.0000 -0.1360
vn 1.0000 -0.0000 -0.0000
vn 0.4131 -0.9104 0.0241
vn 0.4106 -0.9118 -0.0000
vn 0.6090 -0.7917 0.0493
vn 0.6068 -0.7949 -0.0000
vn -0.2199 0.9755 0.0044
vn -0.2183 0.9759 -0.0000
vn 0.8049 -0.5862 0.0923
vn 0.8062 -0.5917 -0.0000
vn -0.7422 0.6697 -0.0255
vn -0.7398 0.6728 -0.0000
vn 0.7253 0.6833 -0.0832
vn 0.7252 0.6885 -0.0000
vn -0.9981 -0.0000 0.0614
vn -0.8666 0.4990 -0.0000
vn 0.5835 -0.0000 -0.8121
vn 0.5835 -0.0000 0.8121
vn -0.5835 -0.0000 -0.8121
vn -0.5835 -0.0000 0.8121
vn 0.8227 0.5685 -0.0000
vn 0.8227 -0.5685 -0.0000
vn 0.8227 -0.5684 -0.0000
vn 0.8227 0.5684 -0.0000
vt 0.183848 0.409705
vt 0.216276 0.419542
vt 0.250000 0.422863
vt 0.283724 0.419542
vt 0.316152 0.409705
vt 0.346038 0.393731
vt 0.372233 0.372233
vt 0.393731 0.346038
vt 0.409705 0.316152
vt 0.419542 0.283724
vt 0.422863 0.250000
vt 0.419542 0.216276
vt 0.409705 0.183848
vt 0.393730 0.153962
vt 0.372233 0.127767
vt 0.346038 0.106269
vt 0.316152 0.090295
vt 0.283724 0.080458
vt 0.250000 0.077137
vt 0.216276 0.080458
vt 0.183848 0.090295
vt 0.153962 0.106269
vt 0.127767 0.127767
vt 0.106269 0.153962
vt 0.090295 0.183848
vt 0.080458 0.216276
vt 0.077137 0.250000
vt 0.080458 0.283724
vt 0.090295 0.316152
vt 0.106269 0.346038
vt 0.127767 0.372233
vt 0.153962 0.393730
vt 0.353254 0.189272
vt 0.353254 0.189272
vt 0.349999 0.183183
vt 0.361113 0.203975
vt 0.316817 0.349999
vt 0.335042 0.335042
vt 0.164958 0.335042
vt 0.183183 0.349999
vt 0.150001 0.316817
vt 0.138887 0.296025
vt 0.132043 0.273463
vt 0.129732 0.250000
vt 0.132043 0.226537
vt 0.138887 0.203975
vt 0.150001 0.183183
vt 0.164958 0.164958
vt 0.183183 0.150001
vt 0.203975 0.138887
vt 0.226537 0.132043
vt 0.250000 0.129732
vt 0.273463 0.132043
vt 0.296025 0.138887
vt 0.316817 0.150001
vt 0.335042 0.164958
vt 0.367957 0.226537
vt 0.370268 0.250000
vt 0.367957 0.273463
vt 0.361113 0.296025
vt 0.349999 0.316817
vt 0.296025 0.361113
vt 0.273463 0.367957
vt 0.250000 0.370268
vt 0.226537 0.367957
vt 0.203975 0.361113
vt 0.172208 0.189272
vt 0.146746 0.189272
vt 0.212929 0.189272
vt 0.353254 0.310728
vt 0.146746 0.310728
vt 0.172208 0.310728
vt 0.212929 0.310728
vt 0.132043 0.226537
vt 0.364031 0.213594
vt 0.367957 0.226537
vt 0.135969 0.213594
vt 0.370268 0.250000
vt 0.146746 0.189272
vt 0.367957 0.273463
vt 0.364031 0.286406
vt 0.146746 0.310728
vt 0.132043 0.273463
vt 0.135969 0.286406
vt 0.601237 0.166667
vt 0.625000 0.166667
vt 0.625000 0.250000
vt 0.601237 0.250000
vt 0.601237 0.375000
vt 0.625000 0.375000
vt 0.625000 0.500000
vt 0.601237 0.500000
vt 0.625000 0.666667
vt 0.625000 0.750000
vt 0.625000 0.750000
vt 0.625000 0.666667
vt 0.601237 0.875000
vt 0.625000 0.875000
vt 0.625000 1.000000
vt 0.601237 1.000000
vt 0.250000 0.666667
vt 0.375000 0.666667
vt 0.375000 0.750000
vt 0.250000 0.750000
vt 0.750000 0.666667
vt 0.875000 0.666667
vt 0.875000 0.750000
vt 0.750000 0.750000
vt 0.601237 0.666667
vt 0.601237 0.750000
vt 0.601237 0.500000
vt 0.625000 0.500000
vt 0.601237 0.500000
vt 0.453651 0.750000
vt 0.375000 0.583333
vt 0.375000 0.500000
vt 0.375000 0.583333
vt 0.230587 0.699622
vt 0.232810 0.666667
vt 0.224730 0.750000
vt 0.601237 0.750000
vt 0.375000 0.583333
vt 0.375000 0.750000
vt 0.601237 0.500000
vt 0.625000 0.666667
vt 0.625000 0.750000
vt 0.567715 0.750000
vt 0.567715 0.750000
vt 0.415321 0.500000
vt 0.404061 0.500000
vt 0.453651 0.500000
vt 0.385448 0.500000
vt 0.403703 0.349730
vt 0.420521 0.250000
vt 0.453651 0.250000
vt 0.453651 0.375000
vt 0.375000 0.375000
vt 0.375000 0.349730
vt 0.453651 0.875000
vt 0.375000 0.875000
vt 0.453651 0.666667
vt 0.403703 0.900270
vt 0.375000 0.900270
vt 0.453651 1.000000
vt 0.420521 1.000000
vt 0.453651 0.380041
vt 0.417831 0.380041
vt 0.125000 0.666667
vt 0.125000 0.750000
vt 0.601237 0.750000
vt 0.601237 0.750000
vt 0.567715 0.500000
vt 0.457495 0.500000
vt 0.487760 0.500000
vt 0.494298 0.500000
vt 0.500837 0.500000
vt 0.507375 0.500000
vt 0.513915 0.500000
vt 0.520455 0.500000
vt 0.526996 0.500000
vt 0.533539 0.500000
vt 0.540084 0.500000
vt 0.546634 0.500000
vt 0.553186 0.500000
vt 0.567715 0.250000
vt 0.567715 0.375000
vt 0.567715 0.875000
vt 0.567715 0.500000
vt 0.567715 0.666667
vt 0.567715 1.000000
vt 0.567715 0.380041
vt 0.567613 0.380041
vt 0.561591 0.380041
vt 0.555518 0.380041
vt 0.549442 0.380041
vt 0.543364 0.380041
vt 0.537286 0.380041
vt 0.531208 0.380041
vt 0.525130 0.380041
vt 0.519052 0.380041
vt 0.512973 0.380041
vt 0.484752 0.380041
vt 0.453651 0.166667
vt 0.567715 0.166667
vt 0.375000 0.166667
vt 0.375000 0.250000
vt 0.375000 1.000000
vt 0.453651 0.250000
vt 0.453651 0.083333
vt 0.453651 0.090259
vt 0.453651 0.159741
vt 0.453651 0.166667
vt 0.453651 0.159741
vt 0.453651 0.090259
vt 0.453652 0.083333
vt 0.453651 1.000000
vt 0.453651 0.159741
vt 0.453651 0.083333
vt 0.453651 0.083333
vt 0.453651 0.187323
vt 0.453651 0.166667
vt 0.453651 0.187204
vt 0.375000 0.000000
vt 0.453651 0.000000
vt 0.375000 0.083333
vt 0.567715 0.000000
vt 0.567715 0.083333
vt 0.453651 0.083333
vt 0.567715 0.583333
vt 0.453651 0.583333
vt 0.125000 0.500000
vt 0.125000 0.583333
vt 0.125000 0.583333
vt 0.375000 0.666667
vt 0.625000 0.583333
vt 0.625000 0.583333
vt 0.625000 0.583333
vt 0.375000 0.666667
vt 0.230587 0.550378
vt 0.224730 0.500000
vt 0.250000 0.500000
vt 0.250000 0.583333
vt 0.232810 0.583333
vt 0.235558 0.598146
vt 0.235558 0.651853
vt 0.237175 0.625000
vt 0.750000 0.500000
vt 0.750000 0.583333
vt 0.601237 0.583333
vt 0.875000 0.500000
vt 0.875000 0.583333
vt 0.601237 0.000000
vt 0.625000 0.000000
vt 0.625000 0.083333
vt 0.601237 0.083333
vt 0.125000 0.651853
vt 0.125000 0.598147
vt 0.125000 0.625000
vt 0.125000 0.550378
vt 0.453652 0.090259
vt 0.453651 0.090259
vt 0.453651 0.159741
vt 0.420521 0.250000
vt 0.420521 1.000000
vt 0.125000 0.699622
vt 0.453651 0.062796
vt 0.453651 0.062677
vt 0.453652 0.083333
vt 0.453651 0.083333
vt 0.453651 0.166667
vt 0.587162 0.500000
vt 0.585063 0.500000
vt 0.581585 0.500000
vt 0.600775 0.380041
vt 0.573872 0.380041
vt 0.589412 0.000000
vt 0.589412 0.250000
vt 0.506375 0.500000
vt 0.467822 0.500000
vt 0.589412 0.500000
vt 0.589412 0.750000
vt 0.378077 0.995496
vt 0.378077 0.754504
vt 0.378077 0.803413
vt 0.378077 0.861475
vt 0.467822 0.995496
vt 0.426110 0.995496
vt 0.467822 0.750000
vt 0.467822 0.250000
vt 0.467822 0.000000
vt 0.486704 0.472364
vt 0.486704 0.277636
vt 0.606118 0.472364
vt 0.606118 0.277636
vt 0.515994 0.277636
vt 0.506375 0.250000
vt 0.579081 0.472364
vt 0.579081 0.277636
vt 0.515994 0.472364
vt 0.587032 0.995497
vt 0.621923 0.995497
vt 0.589412 1.000000
vt 0.467822 0.754504
vt 0.621923 0.754504
vt 0.467822 1.000000
vt 0.505620 0.754504
vt 0.506375 0.750000
vt 0.505620 0.995496
vt 0.587032 0.754503
vt 0.605163 0.754504
vt 0.587032 0.754504
vt 0.621923 0.861475
vt 0.621923 0.803413
vt 0.462846 0.754504
vt 0.505620 0.754504
vt 0.513761 0.995496
vt 0.513761 0.995497
vt 0.513761 0.754504
vt 0.514679 0.750000
vt 0.506375 1.000000
vt 0.522303 0.472364
vt 0.522303 0.472364
vt 0.522303 0.277636
vt 0.514679 0.250000
vt 0.585406 0.500000
vt 0.585406 0.500000
vt 0.506375 0.000000
vt 0.587032 0.995497
vt 0.578891 0.754504
vt 0.578891 0.754504
vt 0.578891 0.995497
vt 0.581109 1.000000
vt 0.572772 0.277636
vt 0.572772 0.277636
vt 0.572772 0.472364
vt 0.572772 0.472364
vt 0.581109 0.500000
vt 0.581109 0.250000
vt 0.581109 0.250000
vt 0.577904 0.500000
vt 0.581109 0.000000
vt 0.577904 0.732795
vt 0.585406 0.732795
vt 0.581109 0.750000
vt 0.517884 0.500000
vt 0.510381 0.500000
vt 0.514679 0.500000
vt 0.510381 0.732795
vt 0.513382 0.500000
vt 0.582406 0.500000
vt 0.582406 0.719909
vt 0.517884 0.732795
vt 0.517883 0.732795
vt 0.575503 0.719909
vt 0.577904 0.732795
vt 0.520284 0.500000
vt 0.513381 0.719909
vt 0.575503 0.500000
vt 0.575503 0.719909
vt 0.520284 0.719909
vt 0.568601 0.719909
vt 0.568601 0.719909
vt 0.561698 0.719909
vt 0.561699 0.719909
vt 0.554796 0.719909
vt 0.554796 0.719909
vt 0.547894 0.719909
vt 0.540991 0.719909
vt 0.540991 0.719909
vt 0.534089 0.719909
vt 0.534089 0.719909
vt 0.527186 0.719909
vt 0.527186 0.500000
vt 0.534089 0.500000
vt 0.540991 0.500000
vt 0.547894 0.500000
vt 0.547894 0.500000
vt 0.554796 0.500000
vt 0.561699 0.500000
vt 0.568601 0.500000
vt 0.570401 0.500000
vt 0.562899 0.500000
vt 0.555396 0.500000
vt 0.547894 0.500000
vt 0.540391 0.500000
vt 0.532889 0.500000
vt 0.525386 0.500000
vt 0.525386 0.732795
vt 0.532889 0.732795
vt 0.540391 0.732795
vt 0.547894 0.732795
vt 0.555396 0.732795
vt 0.562899 0.732795
vt 0.570401 0.732795
vt 0.562899 0.732795
vt 0.555396 0.732795
vt 0.547894 0.732795
vt 0.532889 0.732795
vt 0.525386 0.732795
vt 0.572805 0.500000
vt 0.564501 0.500000
vt 0.556197 0.500000
vt 0.540391 0.500000
vt 0.539590 0.500000
vt 0.532889 0.500000
vt 0.531286 0.500000
vt 0.525386 0.500000
vt 0.522982 0.500000
vt 0.522982 0.750000
vt 0.531286 0.750000
vt 0.539590 0.750000
vt 0.547894 0.750000
vt 0.556197 0.750000
vt 0.564501 0.750000
vt 0.572805 0.750000
vt 0.514679 0.000000
vt 0.522982 0.000000
vt 0.522982 0.250000
vt 0.531286 0.000000
vt 0.531286 0.250000
vt 0.539590 0.000000
vt 0.539590 0.250000
vt 0.547894 0.000000
vt 0.547894 0.250000
vt 0.556198 0.000000
vt 0.556197 0.250000
vt 0.564501 0.000000
vt 0.564501 0.250000
vt 0.572805 0.000000
vt 0.572805 0.250000
vt 0.531286 0.250000
vt 0.539590 0.250000
vt 0.564501 0.250000
vt 0.528611 0.472364
vt 0.534920 0.472364
vt 0.541229 0.472364
vt 0.547537 0.472364
vt 0.553846 0.472364
vt 0.560155 0.472364
vt 0.566463 0.472364
vt 0.522303 0.277636
vt 0.528611 0.277636
vt 0.528611 0.472364
vt 0.534920 0.277636
vt 0.534920 0.472364
vt 0.541229 0.277636
vt 0.547537 0.277636
vt 0.547537 0.472364
vt 0.553846 0.277636
vt 0.560155 0.277636
vt 0.566463 0.277636
vt 0.566463 0.472364
vt 0.514679 1.000000
vt 0.521903 0.995496
vt 0.522982 1.000000
vt 0.530044 0.995496
vt 0.531286 1.000000
vt 0.538185 0.995496
vt 0.539590 1.000000
vt 0.546326 0.995496
vt 0.547894 1.000000
vt 0.554467 0.995497
vt 0.556198 1.000000
vt 0.562608 0.995496
vt 0.564501 1.000000
vt 0.570750 0.995497
vt 0.572805 1.000000
vt 0.513761 0.754504
vt 0.521903 0.754504
vt 0.521903 0.754504
vt 0.530044 0.754504
vt 0.530044 0.754504
vt 0.538185 0.754504
vt 0.538185 0.754504
vt 0.546326 0.754504
vt 0.546326 0.754504
vt 0.554467 0.754504
vt 0.554467 0.754504
vt 0.562608 0.754504
vt 0.562608 0.754504
vt 0.570750 0.754504
vt 0.570750 0.754504
vt 0.578891 0.995497
vt 0.579031 0.995497
vt 0.570750 0.995497
s 0
f 1977/1343/729 1981/1344/729 1871/1345/729 1872/1346/729 1876/1347/729 1878/1348/729 1882/1349/729 1886/1350/729 1890/1351/729 1894/1352/729 1898/1353/729 1902/1354/729 1908/1355/729 1910/1356/729 1914/1357/729 1921/1358/729 1923/1359/729 1927/1360/729 1931/1361/729 1933/1362/729 1934/1363/729 1938/1364/729 1942/1365/729 1944/1366/729 1949/1367/729 1952/1368/729 1956/1369/729 1960/1370/729 1963/1371/729 1965/1372/729 1968/1373/729 1972/1374/729
f 2001/1372/729 2003/1371/729 2123/1371/729 2117/1372/729
f 1949/1367/730 1944/1366/730 2022/1366/730 2018/1367/730
f 1898/1353/731 1894/1352/731 2073/1352/731 2068/1353/731
f 1944/1366/732 1942/1365/732 2026/1365/732 2022/1366/732
f 1894/1352/733 1890/1351/733 2074/1351/733 2073/1352/733
f 1942/1365/734 1938/1364/734 2031/1364/734 2026/1365/734
f 1890/1351/735 1886/1350/735 2076/1350/735 2074/1351/735
f 1938/1364/736 1934/1363/736 2035/1363/736 2031/1364/736
f 1886/1350/737 1882/1349/737 1989/1349/737 2076/1350/737
f 1934/1363/738 1933/1362/738 2040/1362/738 2035/1363/738
f 1878/1348/739 1876/1347/739 2081/1347/739 1984/1348/739
f 1933/1362/740 1931/1361/740 2042/1361/740 2040/1362/740
f 1882/1349/741 1878/1348/741 1984/1348/741 1989/1349/741
f 1876/1347/742 1872/1346/742 2085/1346/742 2081/1347/742
f 1931/1361/743 1927/1360/743 2044/1360/743 2042/1361/743
f 1972/1374/744 1968/1373/744 1992/1373/744 1995/1374/744
f 1872/1346/745 1871/1345/745 2089/1345/745 2085/1346/745
f 1927/1360/746 1923/1359/746 2049/1359/746 2044/1360/746
f 1968/1373/747 1965/1372/747 2001/1372/747 1992/1373/747
f 1871/1345/748 1981/1344/748 2092/1344/748 2089/1345/748
f 1923/1359/749 1921/1358/749 2053/1358/749 2049/1359/749
f 1965/1372/750 1963/1371/750 2003/1371/750 2001/1372/750
f 1981/1344/751 1977/1343/751 2097/1343/751 2092/1344/751
f 1921/1358/752 1914/1357/752 2059/1357/752 2053/1358/752
f 1963/1371/753 1960/1370/753 2007/1370/753 2003/1371/753
f 1977/1343/754 1972/1374/754 1995/1374/754 2097/1343/754
f 1914/1357/755 1910/1356/755 2061/1356/755 2059/1357/755
f 1960/1370/756 1956/1369/756 2013/1369/756 2007/1370/756
f 1910/1356/757 1908/1355/757 2062/1355/757 2061/1356/757
f 1956/1369/758 1952/1368/758 2016/1368/758 2013/1369/758
f 1908/1355/759 1902/1354/759 2064/1354/759 2062/1355/759
f 1952/1368/760 1949/1367/760 2018/1367/760 2016/1368/760
f 1902/1354/761 1898/1353/761 2068/1353/761 2064/1354/761
f 2129/1369/758 2133/1368/758 2243/1368/758 2242/1369/758
f 2092/1344/729 2097/1343/729 2212/1343/729 2208/1344/729
f 2053/1358/729 2059/1357/729 2176/1357/729 2172/1358/729
f 2003/1371/729 2007/1370/729 2126/1370/729 2123/1371/729
f 2097/1343/729 1995/1374/729 2113/1374/729 2212/1343/729
f 2059/1357/729 2061/1356/729 2181/1356/729 2176/1357/729
f 2007/1370/729 2013/1369/729 2129/1369/729 2126/1370/729
f 2061/1356/729 2062/1355/729 2186/1355/729 2181/1356/729
f 2013/1369/729 2016/1368/729 2133/1368/729 2129/1369/729
f 2062/1355/729 2064/1354/729 2188/1354/729 2186/1355/729
f 2016/1368/729 2018/1367/729 2138/1367/729 2133/1368/729
f 2064/1354/729 2068/1353/729 2194/1353/729 2188/1354/729
f 2018/1367/729 2022/1366/729 2141/1366/729 2138/1367/729
f 2068/1353/729 2073/1352/729 2195/1352/729 2194/1353/729
f 2022/1366/729 2026/1365/729 2146/1365/729 2141/1366/729
f 2073/1352/729 2074/1351/729 2197/1351/729 2195/1352/729
f 2026/1365/729 2031/1364/729 2149/1364/729 2146/1365/729
f 2074/1351/729 2076/1350/729 2199/1350/729 2197/1351/729
f 2031/1364/729 2035/1363/729 2154/1363/729 2149/1364/729
f 2076/1350/729 1989/1349/729 2107/1349/729 2199/1350/729
f 2035/1363/729 2040/1362/729 2157/1362/729 2154/1363/729
f 1984/1348/729 2081/1347/729 2201/1347/729 2102/1348/729
f 2040/1362/729 2042/1361/729 2160/1361/729 2157/1362/729
f 1989/1349/729 1984/1348/729 2102/1348/729 2107/1349/729
f 2081/1347/729 2085/1346/729 2204/1346/729 2201/1347/729
f 2042/1361/729 2044/1360/729 2164/1360/729 2160/1361/729
f 1995/1374/729 1992/1373/729 2109/1373/729 2113/1374/729
f 2085/1346/729 2089/1345/729 2205/1345/729 2204/1346/729
f 2044/1360/729 2049/1359/729 2168/1359/729 2164/1360/729
f 1992/1373/729 2001/1372/729 2117/1372/729 2109/1373/729
f 2089/1345/729 2092/1344/729 2208/1344/729 2205/1345/729
f 2049/1359/729 2053/1358/729 2172/1358/729 2168/1359/729
f 2247/1366/729 2250/1365/729 2381/1365/729 2376/1366/729
f 2186/1355/759 2188/1354/759 2296/1354/759 2290/1355/759
f 2133/1368/760 2138/1367/760 2246/1367/760 2243/1368/760
f 2188/1354/761 2194/1353/761 2300/1353/761 2296/1354/761
f 2138/1367/730 2141/1366/730 2247/1366/730 2246/1367/730
f 2194/1353/731 2195/1352/731 2305/1352/731 2300/1353/731
f 2141/1366/732 2146/1365/732 2250/1365/732 2247/1366/732
f 2195/1352/733 2197/1351/733 2307/1351/733 2305/1352/733
f 2146/1365/734 2149/1364/734 2254/1364/734 2250/1365/734
f 2197/1351/735 2199/1350/735 2312/1350/735 2307/1351/735
f 2149/1364/736 2154/1363/736 2258/1363/736 2254/1364/736
f 2199/1350/737 2107/1349/737 2221/1349/737 2312/1350/737
f 2154/1363/738 2157/1362/738 2263/1362/738 2258/1363/738
f 2102/1348/739 2201/1347/739 2316/1347/739 2216/1348/739
f 2157/1362/740 2160/1361/740 2267/1361/740 2263/1362/740
f 2107/1349/741 2102/1348/741 2216/1348/741 2221/1349/741
f 2201/1347/742 2204/1346/742 2321/1346/742 2316/1347/742
f 2160/1361/743 2164/1360/743 2270/1360/743 2267/1361/743
f 2113/1374/744 2109/1373/744 2224/1373/744 2229/1374/744
f 2204/1346/745 2205/1345/745 2323/1345/745 2321/1346/745
f 2164/1360/746 2168/1359/746 2276/1359/746 2270/1360/746
f 2109/1373/747 2117/1372/747 2233/1372/747 2224/1373/747
f 2205/1345/748 2208/1344/748 2327/1344/748 2323/1345/748
f 2168/1359/749 2172/1358/749 2280/1358/749 2276/1359/749
f 2117/1372/750 2123/1371/750 2238/1371/750 2233/1372/750
f 2208/1344/751 2212/1343/751 2331/1343/751 2327/1344/751
f 2172/1358/752 2176/1357/752 2285/1357/752 2280/1358/752
f 2123/1371/753 2126/1370/753 2240/1370/753 2238/1371/753
f 2212/1343/754 2113/1374/754 2229/1374/754 2331/1343/754
f 2176/1357/755 2181/1356/755 2289/1356/755 2285/1357/755
f 2126/1370/756 2129/1369/756 2242/1369/756 2240/1370/756
f 2181/1356/757 2186/1355/757 2290/1355/757 2289/1356/757
f 2388/1363/738 2390/1362/738 2438/1362/738 2437/1363/738
f 2305/1352/729 2307/1351/729 2417/1351/729 2416/1352/729
f 2250/1365/729 2254/1364/729 2384/1364/729 2381/1365/729
f 2307/1351/729 2312/1350/729 2418/1350/729 2417/1351/729
f 2254/1364/729 2258/1363/729 2388/1363/729 2384/1364/729
f 2312/1350/729 2221/1349/729 2338/1349/729 2418/1350/729
f 2258/1363/729 2263/1362/729 2390/1362/729 2388/1363/729
f 2216/1348/729 2316/1347/729 2419/1347/729 2334/1348/729
f 2263/1362/729 2267/1361/729 2395/1361/729 2390/1362/729
f 2221/1349/729 2216/1348/729 2334/1348/729 2338/1349/729
f 2316/1347/729 2321/1346/729 2420/1346/729 2419/1347/729
f 2267/1361/729 2270/1360/729 2399/1360/729 2395/1361/729
f 2229/1374/729 2224/1373/729 2344/1373/729 2349/1374/729
f 2321/1346/729 2323/1345/729 2421/1345/729 2420/1346/729
f 2270/1360/729 2276/1359/729 2402/1359/729 2399/1360/729
f 2224/1373/729 2233/1372/729 2351/1372/729 2344/1373/729
f 2323/1345/729 2327/1344/729 2422/1344/729 2421/1345/729
f 2276/1359/729 2280/1358/729 2406/1358/729 2402/1359/729
f 2233/1372/729 2238/1371/729 2354/1371/729 2351/1372/729
f 2327/1344/729 2331/1343/729 2423/1343/729 2422/1344/729
f 2280/1358/729 2285/1357/729 2410/1357/729 2406/1358/729
f 2238/1371/729 2240/1370/729 2358/1370/729 2354/1371/729
f 2331/1343/729 2229/1374/729 2349/1374/729 2423/1343/729
f 2285/1357/729 2289/1356/729 2412/1356/729 2410/1357/729
f 2240/1370/729 2242/1369/729 2364/1369/729 2358/1370/729
f 2289/1356/729 2290/1355/729 2413/1355/729 2412/1356/729
f 2242/1369/729 2243/1368/729 2369/1368/729 2364/1369/729
f 2290/1355/729 2296/1354/729 2414/1354/729 2413/1355/729
f 2243/1368/729 2246/1367/729 2371/1367/729 2369/1368/729
f 2296/1354/729 2300/1353/729 2415/1353/729 2414/1354/729
f 2246/1367/729 2247/1366/729 2376/1366/729 2371/1367/729
f 2300/1353/729 2305/1352/729 2416/1352/729 2415/1353/729
f 2440/1360/762 2441/1359/762 2505/1359/762 2504/1360/762
f 2334/1348/739 2419/1347/739 2451/1347/739 2424/1348/739
f 2390/1362/740 2395/1361/740 2439/1361/740 2438/1362/740
f 2338/1349/741 2334/1348/741 2424/1348/741 2425/1349/741
f 2419/1347/742 2420/1346/742 2452/1346/742 2451/1347/742
f 2395/1361/743 2399/1360/743 2440/1360/743 2439/1361/743
f 2349/1374/744 2344/1373/744 2426/1373/744 2427/1374/744
f 2420/1346/745 2421/1345/745 2453/1345/745 2452/1346/745
f 2399/1360/746 2402/1359/746 2441/1359/746 2440/1360/746
f 2344/1373/747 2351/1372/747 2428/1372/747 2426/1373/747
f 2421/1345/748 2422/1344/748 2454/1344/748 2453/1345/748
f 2402/1359/749 2406/1358/749 2442/1358/749 2441/1359/749
f 2351/1372/750 2354/1371/750 2429/1371/750 2428/1372/750
f 2422/1344/751 2423/1343/751 2455/1343/751 2454/1344/751
f 2406/1358/752 2410/1357/752 2443/1357/752 2442/1358/752
f 2354/1371/753 2358/1370/753 2430/1370/753 2429/1371/753
f 2423/1343/754 2349/1374/754 2427/1374/754 2455/1343/754
f 2410/1357/755 2412/1356/755 2444/1356/755 2443/1357/755
f 2358/1370/756 2364/1369/756 2431/1369/756 2430/1370/756
f 2412/1356/757 2413/1355/757 2445/1355/757 2444/1356/757
f 2364/1369/758 2369/1368/758 2432/1368/758 2431/1369/758
f 2413/1355/759 2414/1354/759 2446/1354/759 2445/1355/759
f 2369/1368/760 2371/1367/760 2433/1367/760 2432/1368/760
f 2414/1354/761 2415/1353/761 2447/1353/761 2446/1354/761
f 2371/1367/730 2376/1366/730 2434/1366/730 2433/1367/730
f 2415/1353/731 2416/1352/731 2448/1352/731 2447/1353/731
f 2376/1366/732 2381/1365/732 2435/1365/732 2434/1366/732
f 2416/1352/733 2417/1351/733 2449/1351/733 2448/1352/733
f 2381/1365/734 2384/1364/734 2436/1364/734 2435/1365/734
f 2417/1351/735 2418/1350/735 2450/1350/735 2449/1351/735
f 2384/1364/736 2388/1363/736 2437/1363/736 2436/1364/736
f 2418/1350/737 2338/1349/737 2425/1349/737 2450/1350/737
f 2542/1375/763 2544/1376/763 2535/1377/763 2476/1377/763 2477/1378/763 2543/1378/763
f 2426/1373/764 2428/1372/764 2492/1372/764 2490/1373/764
f 2453/1345/765 2454/1344/765 2518/1344/765 2517/1345/765
f 2441/1359/766 2442/1358/766 2506/1358/766 2505/1359/766
f 2428/1372/767 2429/1371/767 2493/1371/767 2492/1372/767
f 2454/1344/768 2455/1343/768 2519/1343/768 2518/1344/768
f 2442/1358/769 2443/1357/769 2507/1357/769 2506/1358/769
f 2429/1371/770 2430/1370/770 2494/1370/770 2493/1371/770
f 2455/1343/771 2427/1374/771 2491/1374/771 2519/1343/771
f 2443/1357/772 2444/1356/772 2508/1356/772 2507/1357/772
f 2430/1370/773 2431/1369/773 2495/1369/773 2494/1370/773
f 2444/1356/774 2445/1355/774 2509/1355/774 2508/1356/774
f 2431/1369/775 2432/1368/775 2496/1368/775 2495/1369/775
f 2445/1355/776 2446/1354/776 2510/1354/776 2509/1355/776
f 2432/1368/777 2433/1367/777 2497/1367/777 2496/1368/777
f 2446/1354/778 2447/1353/778 2511/1353/778 2510/1354/778
f 2433/1367/779 2434/1366/779 2498/1366/779 2497/1367/779
f 2447/1353/780 2448/1352/780 2512/1352/780 2511/1353/780
f 2434/1366/781 2435/1365/781 2499/1365/781 2498/1366/781
f 2448/1352/782 2449/1351/782 2513/1351/782 2512/1352/782
f 2435/1365/783 2436/1364/783 2500/1364/783 2499/1365/783
f 2449/1351/784 2450/1350/784 2514/1350/784 2513/1351/784
f 2436/1364/785 2437/1363/785 2501/1363/785 2500/1364/785
f 2450/1350/786 2425/1349/786 2489/1349/786 2514/1350/786
f 2437/1363/787 2438/1362/787 2502/1362/787 2501/1363/787
f 2424/1348/788 2451/1347/788 2515/1347/788 2488/1348/788
f 2438/1362/789 2439/1361/789 2503/1361/789 2502/1362/789
f 2425/1349/790 2424/1348/790 2488/1348/790 2489/1349/790
f 2451/1347/791 2452/1346/791 2516/1346/791 2515/1347/791
f 2439/1361/792 2440/1360/792 2504/1360/792 2503/1361/792
f 2427/1374/793 2426/1373/793 2490/1373/793 2491/1374/793
f 2452/1346/794 2453/1345/794 2517/1345/794 2516/1346/794
f 2456/1379/795 2457/1380/795 2489/1349/795 2488/1348/795
f 2458/1381/795 2459/1382/795 2491/1374/795 2490/1373/795
f 2460/1383/795 2458/1381/795 2490/1373/795 2492/1372/795
f 2461/1384/795 2460/1383/795 2492/1372/795 2493/1371/795
f 2462/1385/795 2461/1384/795 2493/1371/795 2494/1370/795
f 2463/1386/795 2462/1385/795 2494/1370/795 2495/1369/795
f 2464/1387/795 2463/1386/795 2495/1369/795 2496/1368/795
f 2465/1388/795 2464/1387/795 2496/1368/795 2497/1367/795
f 2466/1389/795 2465/1388/795 2497/1367/795 2498/1366/795
f 2467/1390/795 2466/1389/795 2498/1366/795 2499/1365/795
f 2468/1391/795 2467/1390/795 2499/1365/795 2500/1364/795
f 2469/1392/795 2468/1391/795 2500/1364/795 2501/1363/795
f 2470/1393/795 2469/1392/795 2501/1363/795 2502/1362/795
f 2471/1394/795 2470/1393/795 2502/1362/795 2503/1361/795
f 2472/1395/795 2471/1394/795 2503/1361/795 2504/1360/795
f 2473/1396/795 2472/1395/795 2504/1360/795 2505/1359/795
f 2474/1397/795 2473/1396/795 2505/1359/795 2506/1358/795
f 2475/1398/795 2474/1397/795 2506/1358/795 2507/1357/795
f 2476/1377/795 2475/1398/795 2507/1357/795 2508/1356/795
f 2477/1378/795 2476/1377/795 2508/1356/795 2509/1355/795
f 2478/1399/795 2477/1378/795 2509/1355/795 2510/1354/795
f 2479/1400/795 2478/1399/795 2510/1354/795 2511/1353/795
f 2480/1401/795 2479/1400/795 2511/1353/795 2512/1352/795
f 2481/1402/795 2480/1401/795 2512/1352/795 2513/1351/795
f 2482/1403/795 2481/1402/795 2513/1351/795 2514/1350/795
f 2457/1380/795 2482/1403/795 2514/1350/795 2489/1349/795
f 2483/1404/795 2456/1379/795 2488/1348/795 2515/1347/795
f 2484/1405/795 2483/1404/795 2515/1347/795 2516/1346/795
f 2485/1406/795 2484/1405/795 2516/1346/795 2517/1345/795
f 2486/1407/795 2485/1406/795 2517/1345/795 2518/1344/795
f 2487/1408/795 2486/1407/795 2518/1344/795 2519/1343/795
f 2459/1382/795 2487/1408/795 2519/1343/795 2491/1374/795
f 2549/1409/795 2546/1410/795 2525/1389/795 2526/1390/795 2527/1391/795 2528/1392/795 2529/1393/795 2530/1394/795 2531/1395/795 2532/1396/795 2533/1397/795 2534/1398/795 2535/1377/795 2544/1376/795 2550/1411/795
f 2547/1412/795 2536/1403/795 2521/1380/795 2520/1379/795 2537/1404/795 2538/1405/795 2539/1406/795 2540/1407/795 2541/1408/795 2523/1382/795 2522/1381/795 2524/1383/795 2545/1413/795 2548/1414/795 2551/1415/795
f 2463/1386/796 2464/1387/796 2552/1416/796 2553/1386/796
f 2554/1417/797 2543/1378/797 2477/1378/797 2478/1399/797 2555/1418/797
f 2552/1416/798 2464/1387/798 2465/1388/798 2557/1388/798 2556/1419/798
f 2555/1418/799 2478/1399/799 2479/1400/799 2558/1420/799
f 2559/1421/800 2557/1388/800 2465/1388/800 2466/1389/800 2525/1389/800 2546/1410/800
f 2558/1420/801 2479/1400/801 2480/1401/801 2560/1422/801
f 2466/1389/802 2467/1390/802 2526/1390/802 2525/1389/802
f 2561/1423/803 2560/1422/803 2480/1401/803 2481/1402/803 2562/1402/803
f 2467/1390/804 2468/1391/804 2527/1391/804 2526/1390/804
f 2563/1412/805 2562/1402/805 2481/1402/805 2482/1403/805 2536/1403/805 2547/1412/805
f 2468/1391/806 2469/1392/806 2528/1392/806 2527/1391/806
f 2482/1403/807 2457/1380/807 2521/1380/807 2536/1403/807
f 2469/1392/808 2470/1393/808 2529/1393/808 2528/1392/808
f 2456/1379/809 2483/1404/809 2537/1404/809 2520/1379/809
f 2470/1393/810 2471/1394/810 2530/1394/810 2529/1393/810
f 2457/1380/811 2456/1379/811 2520/1379/811 2521/1380/811
f 2483/1404/812 2484/1405/812 2538/1405/812 2537/1404/812
f 2471/1394/813 2472/1395/813 2531/1395/813 2530/1394/813
f 2459/1382/814 2458/1381/814 2522/1381/814 2523/1382/814
f 2484/1405/815 2485/1406/815 2539/1406/815 2538/1405/815
f 2472/1395/816 2473/1396/816 2532/1396/816 2531/1395/816
f 2458/1381/817 2460/1383/817 2524/1383/817 2522/1381/817
f 2485/1406/818 2486/1407/818 2540/1407/818 2539/1406/818
f 2473/1396/819 2474/1397/819 2533/1397/819 2532/1396/819
f 2545/1413/820 2524/1383/820 2460/1383/820 2461/1384/820 2565/1384/820 2564/1424/820
f 2486/1407/821 2487/1408/821 2541/1408/821 2540/1407/821
f 2474/1397/822 2475/1398/822 2534/1398/822 2533/1397/822
f 2565/1384/823 2461/1384/823 2462/1385/823 2567/1425/823 2566/1426/823
f 2487/1408/824 2459/1382/824 2523/1382/824 2541/1408/824
f 2475/1398/825 2476/1377/825 2535/1377/825 2534/1398/825
f 2462/1385/826 2463/1386/826 2553/1386/826 2567/1425/826
f 2378/1427/827 2082/1428/827 1881/1429/827 2333/1430/827
f 2356/1431/828 1919/1432/828 1896/1433/828 2336/1434/828
f 2142/1435/829 1930/1436/829 1904/1437/829 2115/1438/829
f 2353/1439/830 1929/1440/830 1875/1441/830 2319/1442/830
f 2131/1443/729 2087/1444/729 1884/1445/729 1924/1446/729
f 2120/1447/831 2078/1448/831 1875/1449/831 1929/1450/831
f 2373/1451/832 2115/1438/832 1904/1437/832 2347/1452/832
f 2361/1453/828 1932/1454/828 1912/1433/828 2343/1455/828
f 1986/1456/830 1937/1445/830 1901/1445/830 1974/1456/830
f 2134/1457/833 1935/1458/833 1907/1458/833 2104/1459/833
f 2099/1438/834 2120/1447/834 1929/1450/834 1889/1437/834
f 2543/1460/729 2554/1461/729 2131/1443/729 1924/1446/729 2542/1462/729
f 2340/1463/830 1889/1437/830 1929/1440/830 2353/1439/830
f 2333/1430/828 1881/1429/828 1919/1432/828 2356/1431/828
f 2158/1464/835 1946/1458/835 1935/1458/835 2134/1457/835
f 1997/1456/830 1954/1465/830 1937/1445/830 1986/1456/830
f 2363/1466/828 1940/1433/828 1932/1454/828 2361/1453/828
f 2150/1467/795 1950/1468/795 1930/1436/795 2142/1435/795
f 2099/1438/795 1889/1437/795 1950/1468/795 2150/1467/795
f 2336/1434/828 1896/1433/828 1940/1433/828 2363/1466/828
f 1966/1456/830 1884/1445/830 1954/1465/830 1997/1456/830
f 2091/1457/836 1892/1458/836 1946/1458/836 2158/1464/836
f 2020/1469/830 1966/1456/830 1997/1456/830 2009/1470/830
f 1946/1458/828 1892/1458/828 2568/1471/828 2569/1472/828
f 1988/1473/828 1935/1458/828 1946/1458/828 2569/1472/828 2571/1474/828 2570/1473/828
f 2009/1470/830 1997/1456/830 1986/1456/830 2004/1469/830
f 2547/1475/828 2551/1476/828 1961/1477/828 1983/1478/828 1917/1479/828 2563/1480/828
f 1884/1445/830 1966/1456/830 1979/1481/830 1924/1482/830
f 2004/1469/830 1986/1456/830 1974/1456/830 2028/1469/830
f 1935/1458/828 1988/1473/828 1970/1473/828 1907/1458/828
f 2100/1444/832 2171/1483/832 1974/1456/832 1901/1445/832
f 2544/1484/830 2542/1485/830 1924/1482/830 1979/1481/830 1958/1486/830 2550/1487/830
f 1892/1458/828 1917/1479/828 1983/1478/828 2573/1488/828 2572/1489/828 2568/1471/828
f 2227/1490/729 2210/1491/729 2046/1491/729 2198/1490/729
f 2324/1492/830 2004/1469/830 2028/1469/830 2347/1452/830
f 2328/1493/830 2009/1470/830 2004/1469/830 2324/1492/830
f 2340/1463/830 2020/1469/830 2009/1470/830 2328/1493/830
f 2038/1494/828 1988/1473/828 2570/1473/828 2576/1495/828 2577/1496/828 2578/1497/828 2579/1498/828 2580/1499/828 2581/1500/828 2584/1501/828 2585/1502/828 2586/1503/828 2583/1504/828 2582/1505/828 2574/1506/828 2575/1494/828
f 1961/1477/828 2011/1507/828 2034/1508/828 1983/1478/828
f 1966/1456/830 2020/1469/830 2030/1509/830 1979/1481/830
f 1988/1473/828 2038/1494/828 2023/1510/828 1970/1473/828
f 2171/1483/832 2184/1511/832 2028/1469/832 1974/1456/832
f 1979/1481/830 2030/1509/830 1999/1512/830 1958/1486/830
f 1983/1478/828 2034/1508/828 2593/1513/828 2592/1514/828 2595/1515/828 2594/1516/828 2598/1517/828 2597/1518/828 2596/1519/828 2591/1520/828 2590/1521/828 2589/1522/828 2588/1523/828 2587/1524/828 2573/1488/828
f 2178/1525/837 2192/1526/837 2011/1507/837 1961/1477/837
f 2196/1527/838 2202/1525/838 2056/1477/838 2051/1528/838
f 2210/1529/830 2213/1486/830 2055/1486/830 2046/1529/830
f 2220/1530/828 2218/1528/828 2051/1528/828 2056/1477/828
f 2294/1531/795 2298/1532/795 2287/1533/795 2292/1525/795 2310/1534/795 2314/1535/795 2303/1536/795 2308/1537/795
f 2071/1477/828 1961/1477/828 2551/1476/828 2548/1476/828
f 2550/1487/830 1958/1486/830 2067/1538/830 2549/1487/830
f 2272/1539/795 2283/1525/795 2202/1525/795 2200/1540/795 2264/1541/795 2260/1536/795
f 2241/1542/795 2239/1543/795 2178/1525/795 1961/1477/795 2071/1477/795
f 2283/1525/795 2278/1544/795 2220/1530/795 2056/1477/795 2202/1525/795
f 2405/1525/828 2383/1534/828 2310/1534/828 2292/1525/828
f 2046/1545/839 2055/1546/839 2200/1540/839 2198/1547/839
f 2198/1547/840 2200/1540/840 2202/1525/840 2196/1527/840
f 1958/1546/841 1999/1548/841 2190/1549/841 2174/1540/841
f 2244/1532/795 2252/1550/795 2174/1540/795 2178/1525/795 2239/1543/795 2235/1533/795
f 1970/1473/842 2023/1510/842 2182/1551/842 2166/1552/842
f 2166/1552/843 2182/1551/843 2184/1511/843 2171/1483/843
f 2218/1553/729 2225/1554/729 2196/1555/729 2051/1553/729
f 2225/1554/729 2227/1490/729 2198/1490/729 2196/1555/729
f 1907/1458/842 1970/1473/842 2166/1552/842 2104/1459/842
f 2104/1459/843 2166/1552/843 2171/1483/843 2100/1444/843
f 1884/1445/844 2087/1444/844 2163/1556/844 1954/1465/844
f 2087/1444/845 2091/1457/845 2158/1464/845 2163/1556/845
f 1896/1433/795 2095/1557/795 2152/1558/795 1940/1433/795
f 2095/1557/795 2099/1438/795 2150/1467/795 2152/1558/795
f 1940/1433/795 2152/1558/795 2145/1559/795 1932/1454/795
f 2152/1558/795 2150/1467/795 2142/1435/795 2145/1559/795
f 1954/1465/846 2163/1556/846 2136/1560/846 1937/1445/846
f 2163/1556/847 2158/1464/847 2134/1457/847 2136/1560/847
f 2562/1561/729 2563/1562/729 1917/1563/729 2124/1564/729 2561/1565/729
f 2560/1566/729 2561/1565/729 2124/1564/729 2131/1443/729 2554/1461/729 2555/1567/729 2558/1568/729
f 1896/1433/848 1919/1569/848 2119/1570/848 2095/1557/848
f 2095/1557/849 2119/1570/849 2120/1447/849 2099/1438/849
f 1937/1445/850 2136/1560/850 2100/1444/850 1901/1445/850
f 2136/1560/851 2134/1457/851 2104/1459/851 2100/1444/851
f 2343/1455/842 1912/1433/842 2110/1557/842 2366/1571/842
f 2366/1571/843 2110/1557/843 2115/1438/843 2373/1451/843
f 1919/1569/852 1881/1572/852 2082/1573/852 2119/1570/852
f 2119/1570/853 2082/1573/853 2078/1448/853 2120/1447/853
f 1917/1563/729 1892/1458/729 2091/1457/729 2124/1564/729
f 2124/1564/729 2091/1457/729 2087/1444/729 2131/1443/729
f 1932/1454/854 2145/1559/854 2110/1557/854 1912/1433/854
f 2145/1559/855 2142/1435/855 2115/1438/855 2110/1557/855
f 2319/1574/856 1875/1575/856 2078/1576/856 2374/1577/856
f 2374/1577/840 2078/1576/840 2082/1428/840 2378/1427/840
f 2552/1578/729 2556/1490/729 2227/1490/729 2225/1554/729 2566/1555/729 2567/1579/729 2553/1580/729
f 2566/1555/729 2225/1554/729 2218/1553/729 2564/1553/729 2565/1581/729
f 2401/1535/840 2397/1582/840 2303/1536/840 2314/1535/840
f 2408/1583/843 2386/1584/843 2287/1533/843 2298/1532/843
f 2190/1549/857 2192/1526/857 2178/1525/857 2174/1540/857
f 2564/1528/828 2218/1528/828 2220/1530/828 2071/1477/828 2548/1476/828 2545/1585/828
f 2546/1586/830 2549/1487/830 2067/1538/830 2213/1486/830 2210/1529/830 2559/1529/830
f 2557/1587/729 2559/1491/729 2210/1491/729 2227/1490/729 2556/1490/729
f 2269/1588/795 2213/1546/795 2067/1546/795 2248/1589/795 2245/1590/795 2257/1591/795
f 2264/1541/795 2200/1540/795 2055/1546/795 2213/1546/795 2269/1588/795
f 2252/1550/795 2248/1589/795 2067/1546/795 1958/1546/795 2174/1540/795
f 2232/1525/795 2235/1592/795 2239/1543/795 2241/1542/795
f 2244/1532/795 2245/1590/795 2248/1589/795 2252/1550/795
f 2257/1591/795 2260/1591/795 2264/1541/795 2269/1588/795
f 2272/1539/795 2275/1534/795 2278/1544/795 2283/1525/795
f 2411/1591/830 2392/1531/830 2294/1531/830 2308/1537/830
f 2386/1584/858 2235/1533/858 2232/1525/858 2405/1525/858
f 2392/1531/859 2245/1590/859 2244/1532/859 2408/1583/859
f 2294/1531/859 2392/1531/859 2408/1583/859 2298/1532/859
f 2232/1525/795 2241/1542/795 2071/1477/795 2220/1530/795 2278/1544/795 2275/1534/795
f 2287/1533/858 2386/1584/858 2405/1525/858 2292/1525/858
f 2401/1535/860 2314/1535/860 2310/1534/860 2383/1534/860
f 2190/1549/840 2374/1577/840 2378/1427/840 2192/1526/840
f 1999/1548/856 2319/1574/856 2374/1577/856 2190/1549/856
f 2182/1551/843 2366/1571/843 2373/1451/843 2184/1511/843
f 2023/1510/842 2343/1455/842 2366/1571/842 2182/1551/842
f 1889/1437/830 2340/1463/830 2328/1493/830 1950/1468/830
f 1950/1468/830 2328/1493/830 2324/1492/830 1930/1436/830
f 1930/1436/830 2324/1492/830 2347/1452/830 1904/1437/830
f 2599/1593/828 2336/1434/828 2363/1466/828 2600/1594/828
f 2600/1594/828 2363/1466/828 2361/1453/828 2038/1494/828 2575/1494/828 2601/1595/828
f 2011/1507/828 2333/1430/828 2356/1431/828 2034/1508/828
f 2020/1469/830 2340/1463/830 2353/1439/830 2030/1509/830
f 2038/1494/828 2361/1453/828 2343/1455/828 2023/1510/828
f 2184/1511/832 2373/1451/832 2347/1452/832 2028/1469/832
f 2030/1509/830 2353/1439/830 2319/1442/830 1999/1512/830
f 2034/1508/828 2356/1431/828 2336/1434/828 2599/1593/828 2603/1596/828 2602/1597/828 2593/1513/828
f 2192/1526/827 2378/1427/827 2333/1430/827 2011/1507/827
f 2232/1525/828 2275/1534/828 2383/1534/828 2405/1525/828
f 2272/1539/840 2260/1536/840 2397/1582/840 2401/1535/840
f 2244/1532/843 2235/1533/843 2386/1584/843 2408/1583/843
f 2257/1591/830 2245/1590/830 2392/1531/830 2411/1591/830
f 2272/1539/860 2401/1535/860 2383/1534/860 2275/1534/860
f 2257/1591/861 2411/1591/861 2397/1582/861 2260/1536/861
f 2411/1591/861 2308/1537/861 2303/1536/861 2397/1582/861
f 1962/1598/840 1920/1575/840 1877/1429/840 1967/1599/840
f 1994/1600/843 1891/1601/843 1909/1601/843 1993/1600/843
f 1969/1602/843 1885/1433/843 1928/1437/843 1987/1603/843
f 2572/1604/729 1870/1604/729 1879/1605/729 2571/1605/729 2569/1606/729 2568/1607/729
f 1874/1553/729 1883/1458/729 1925/1445/729 1926/1491/729
f 1885/1433/795 1877/1572/795 1920/1449/795 1928/1437/795
f 1887/1608/840 1870/1604/840 2572/1604/840 2573/1609/840 2587/1608/840
f 1883/1458/843 1891/1601/843 1922/1610/843 1925/1445/843
f 1874/1528/828 1888/1611/828 1891/1601/828 1883/1458/828
f 1926/1545/840 1918/1612/840 1888/1611/840 1874/1528/840
f 1900/1613/729 1899/1614/729 1915/1614/729 1916/1613/729
f 1967/1599/840 1877/1429/840 1903/1429/840 1973/1599/840
f 1891/1601/729 1888/1611/729 1906/1611/729 1909/1601/729
f 1877/1572/795 1885/1433/795 1905/1433/795 1903/1572/795
f 1897/1615/828 1895/1616/828 1903/1429/828 1905/1433/828
f 1948/1617/828 1899/1614/828 1906/1611/828 1945/1618/828
f 1978/1619/828 1897/1615/828 1905/1433/828 1991/1602/828
f 1899/1614/828 1900/1613/828 1909/1601/828 1906/1611/828
f 1980/1620/828 1911/1616/828 1913/1615/828 1982/1619/828
f 1976/1620/840 1895/1616/840 1911/1616/840 1980/1620/840
f 1951/1621/843 1900/1613/843 1916/1613/843 1955/1621/843
f 1895/1616/795 1897/1615/795 1913/1615/795 1911/1616/795
f 1964/1622/830 1873/1623/830 1920/1441/830 1962/1624/830
f 1893/1625/830 1879/1605/830 1925/1445/830 1922/1610/830
f 1879/1605/830 1870/1604/830 1926/1529/830 1925/1445/830
f 1873/1623/830 1880/1626/830 1928/1437/830 1920/1441/830
f 1870/1604/830 1887/1608/830 1918/1627/830 1926/1529/830
f 1959/1628/830 1893/1625/830 1922/1610/830 1990/1629/830
f 2588/1630/840 1957/1630/840 1887/1608/840 2587/1608/840
f 1985/1631/843 1880/1626/843 2601/1626/843 2575/1632/843 2574/1633/843
f 2601/1626/795 1880/1626/795 1873/1623/795 2603/1623/795 2599/1634/795 2600/1635/795
f 1879/1605/843 1893/1625/843 2576/1625/843 2570/1636/843 2571/1605/843
f 2576/1625/843 1893/1625/843 1959/1628/843 2577/1637/843
f 2589/1638/840 2222/1639/840 1957/1630/840 2588/1630/840
f 2193/1640/830 1959/1628/830 1990/1629/830 2066/1641/830
f 1887/1608/830 1957/1630/830 1936/1642/830 1918/1627/830
f 2139/1643/843 1951/1621/843 1955/1621/843 2175/1644/843
f 1899/1614/840 1948/1617/840 1953/1617/840 1915/1614/840
f 1915/1614/828 1953/1617/828 1955/1621/828 1916/1613/828
f 1900/1613/828 1951/1621/828 1993/1600/828 1909/1601/828
f 2121/1645/828 1948/1617/828 1945/1618/828 2084/1646/828
f 1888/1611/840 1939/1618/840 1945/1618/840 1906/1611/840
f 1891/1601/843 1994/1600/843 1990/1629/843 1922/1610/843
f 1975/1647/795 1996/1648/795 1998/1648/795 2014/1647/795
f 1918/1612/840 1936/1649/840 1939/1618/840 1888/1611/840
f 1885/1433/843 1969/1602/843 1991/1602/843 1905/1433/843
f 1895/1616/828 1976/1620/828 1973/1599/828 1903/1429/828
f 1897/1615/843 1978/1619/843 1982/1619/843 1913/1615/843
f 1880/1626/830 1985/1631/830 1987/1603/830 1928/1437/830
f 2603/1623/840 1873/1623/840 1964/1622/840 2602/1650/840
f 2177/1651/843 1985/1631/843 2574/1633/843 2582/1652/843
f 2237/1653/830 1964/1622/830 1962/1624/830 2219/1654/830
f 2105/1655/840 1976/1620/840 1980/1620/840 2140/1656/840
f 2140/1656/828 1980/1620/828 1982/1619/828 2159/1657/828
f 2122/1658/828 1978/1619/828 1991/1602/828 2086/1659/828
f 2033/1660/840 1967/1599/840 1973/1599/840 2069/1661/840
f 2266/1662/828 1975/1647/828 2014/1647/828 2302/1662/828
f 2219/1663/840 1962/1598/840 1967/1599/840 2033/1660/840
f 2249/1664/843 1971/1665/843 1987/1603/843 2050/1666/843
f 2282/1667/843 1947/1668/843 1993/1600/843 2103/1669/843
f 1941/1668/843 1943/1670/843 1990/1629/843 1994/1600/843
f 1947/1668/843 1941/1668/843 1994/1600/843 1993/1600/843
f 1996/1648/843 1975/1647/843 1991/1602/843 1969/1602/843
f 1971/1665/843 1996/1648/843 1969/1602/843 1987/1603/843
f 2017/1671/795 2008/1671/795 2032/1671/795 2024/1671/795
f 2019/1672/729 2002/1673/729 2025/1673/729 2021/1672/729
f 1943/1670/729 1941/1668/729 2000/1668/729 2012/1670/729
f 2265/1674/830 1943/1670/830 2012/1670/830 2301/1675/830
f 1996/1648/795 1971/1665/795 2010/1665/795 1998/1648/795
f 1941/1668/729 1947/1668/729 2015/1668/729 2000/1668/729
f 2320/1676/843 2002/1673/843 2010/1665/843 2284/1677/843
f 2355/1678/843 2008/1671/843 2015/1668/843 2318/1667/843
f 2017/1671/843 2005/1679/843 2012/1670/843 2000/1668/843
f 2008/1671/843 2017/1671/843 2000/1668/843 2015/1668/843
f 2019/1672/843 2006/1672/843 2014/1647/843 1998/1648/843
f 2002/1673/843 2019/1672/843 1998/1648/843 2010/1665/843
f 2372/1678/862 2024/1671/862 2032/1671/862 2409/1678/862
f 2357/1680/863 2021/1672/863 2025/1673/863 2375/1681/863
f 2339/1680/830 2006/1672/830 2029/1672/830 2393/1680/830
f 2006/1672/729 2019/1672/729 2021/1672/729 2029/1672/729
f 2005/1679/795 2017/1671/795 2024/1671/795 2027/1679/795
f 2337/1682/828 2005/1679/828 2027/1679/828 2391/1682/828
f 2002/1673/828 2320/1676/828 2375/1681/828 2025/1673/828
f 2320/1676/828 2322/1683/828 2377/1684/828 2375/1681/828
f 2322/1683/828 2325/1685/828 2379/1686/828 2377/1684/828
f 2325/1685/828 2326/1687/828 2380/1688/828 2379/1686/828
f 2326/1687/828 2329/1689/828 2382/1689/828 2380/1688/828
f 2329/1689/828 2330/1690/828 2385/1691/828 2382/1689/828
f 2330/1690/828 2332/1692/828 2387/1693/828 2385/1691/828
f 2332/1692/828 2335/1694/828 2389/1694/828 2387/1693/828
f 2335/1694/828 2337/1682/828 2391/1682/828 2389/1694/828
f 2008/1671/830 2355/1678/830 2409/1678/830 2032/1671/830
f 2355/1678/830 2352/1695/830 2407/1695/830 2409/1678/830
f 2352/1695/830 2350/1696/830 2404/1696/830 2407/1695/830
f 2350/1696/830 2348/1697/830 2403/1697/830 2404/1696/830
f 2348/1697/830 2346/1698/830 2400/1699/830 2403/1697/830
f 2346/1698/830 2345/1700/830 2398/1700/830 2400/1699/830
f 2345/1700/830 2342/1701/830 2396/1701/830 2398/1700/830
f 2342/1701/830 2341/1702/830 2394/1702/830 2396/1701/830
f 2341/1702/830 2339/1680/830 2393/1680/830 2394/1702/830
f 2024/1671/862 2372/1678/862 2391/1682/862 2027/1679/862
f 2372/1678/864 2370/1695/864 2389/1694/864 2391/1682/864
f 2370/1695/865 2368/1696/865 2387/1693/865 2389/1694/865
f 2368/1696/864 2367/1697/864 2385/1691/864 2387/1693/864
f 2367/1697/865 2365/1699/865 2382/1689/865 2385/1691/865
f 2365/1699/864 2362/1700/864 2380/1688/864 2382/1689/864
f 2362/1700/865 2360/1701/865 2379/1686/865 2380/1688/865
f 2360/1701/863 2359/1702/863 2377/1684/863 2379/1686/863
f 2359/1702/865 2357/1680/865 2375/1681/865 2377/1684/865
f 2021/1672/863 2357/1680/863 2393/1680/863 2029/1672/863
f 2357/1680/865 2359/1702/865 2394/1702/865 2393/1680/865
f 2359/1702/863 2360/1701/863 2396/1701/863 2394/1702/863
f 2360/1701/865 2362/1700/865 2398/1700/865 2396/1701/865
f 2362/1700/864 2365/1699/864 2400/1699/864 2398/1700/864
f 2365/1699/865 2367/1697/865 2403/1697/865 2400/1699/865
f 2367/1697/864 2368/1696/864 2404/1696/864 2403/1697/864
f 2368/1696/865 2370/1695/865 2407/1695/865 2404/1696/865
f 2370/1695/864 2372/1678/864 2409/1678/864 2407/1695/864
f 2006/1672/843 2339/1680/843 2302/1662/843 2014/1647/843
f 2339/1680/843 2341/1702/843 2304/1703/843 2302/1662/843
f 2341/1702/843 2342/1701/843 2306/1704/843 2304/1703/843
f 2342/1701/843 2345/1700/843 2309/1705/843 2306/1704/843
f 2345/1700/843 2346/1698/843 2311/1706/843 2309/1705/843
f 2346/1698/843 2348/1697/843 2313/1707/843 2311/1706/843
f 2348/1697/843 2350/1696/843 2315/1708/843 2313/1707/843
f 2350/1696/843 2352/1695/843 2317/1709/843 2315/1708/843
f 2352/1695/843 2355/1678/843 2318/1667/843 2317/1709/843
f 2005/1679/843 2337/1682/843 2301/1675/843 2012/1670/843
f 2337/1682/843 2335/1694/843 2299/1710/843 2301/1675/843
f 2335/1694/843 2332/1692/843 2297/1711/843 2299/1710/843
f 2332/1692/843 2330/1690/843 2295/1712/843 2297/1711/843
f 2330/1690/843 2329/1689/843 2293/1713/843 2295/1712/843
f 2329/1689/843 2326/1687/843 2291/1714/843 2293/1713/843
f 2326/1687/843 2325/1685/843 2288/1715/843 2291/1714/843
f 2325/1685/843 2322/1683/843 2286/1716/843 2288/1715/843
f 2322/1683/843 2320/1676/843 2284/1677/843 2286/1716/843
f 1971/1665/830 2249/1664/830 2284/1677/830 2010/1665/830
f 2249/1664/830 2251/1716/830 2286/1716/830 2284/1677/830
f 2251/1716/830 2253/1717/830 2288/1715/830 2286/1716/830
f 2253/1717/830 2255/1718/830 2291/1714/830 2288/1715/830
f 2255/1718/830 2256/1719/830 2293/1713/830 2291/1714/830
f 2256/1719/830 2259/1712/830 2295/1712/830 2293/1713/830
f 2259/1712/830 2261/1720/830 2297/1711/830 2295/1712/830
f 2261/1720/830 2262/1721/830 2299/1710/830 2297/1711/830
f 2262/1721/830 2265/1674/830 2301/1675/830 2299/1710/830
f 1975/1647/843 2266/1662/843 2086/1659/843 1991/1602/843
f 2266/1662/843 2268/1703/843 2088/1722/843 2086/1659/843
f 2268/1703/843 2271/1704/843 2090/1723/843 2088/1722/843
f 2271/1704/843 2273/1705/843 2093/1724/843 2090/1723/843
f 2273/1705/843 2274/1706/843 2094/1706/843 2093/1724/843
f 2274/1706/843 2277/1725/843 2096/1726/843 2094/1706/843
f 2277/1725/843 2279/1727/843 2098/1728/843 2096/1726/843
f 2279/1727/843 2281/1729/843 2101/1730/843 2098/1728/843
f 2281/1729/843 2282/1667/843 2103/1669/843 2101/1730/843
f 1943/1670/843 2265/1674/843 2066/1641/843 1990/1629/843
f 2265/1674/843 2262/1721/843 2065/1731/843 2066/1641/843
f 2262/1721/843 2261/1720/843 2063/1732/843 2065/1731/843
f 2261/1720/843 2259/1712/843 2060/1733/843 2063/1732/843
f 2259/1712/843 2256/1719/843 2058/1734/843 2060/1733/843
f 2256/1719/843 2255/1718/843 2057/1735/843 2058/1734/843
f 2255/1718/843 2253/1717/843 2054/1736/843 2057/1735/843
f 2253/1717/843 2251/1716/843 2052/1737/843 2054/1736/843
f 2251/1716/843 2249/1664/843 2050/1666/843 2052/1737/843
f 1936/1649/840 2203/1738/840 2048/1646/840 1939/1618/840
f 2203/1738/840 2206/1739/840 2047/1740/840 2048/1646/840
f 2206/1739/840 2207/1741/840 2045/1742/840 2047/1740/840
f 2207/1741/840 2209/1743/840 2043/1744/840 2045/1742/840
f 2209/1743/840 2211/1745/840 2041/1746/840 2043/1744/840
f 2211/1745/840 2214/1747/840 2039/1748/840 2041/1746/840
f 2214/1747/840 2215/1749/840 2037/1750/840 2039/1748/840
f 2215/1749/840 2217/1751/840 2036/1752/840 2037/1750/840
f 2217/1751/840 2219/1663/840 2033/1660/840 2036/1752/840
f 1947/1668/828 2282/1667/828 2318/1667/828 2015/1668/828
f 2282/1667/828 2281/1729/828 2317/1709/828 2318/1667/828
f 2281/1729/828 2279/1727/828 2315/1708/828 2317/1709/828
f 2279/1727/828 2277/1725/828 2313/1707/828 2315/1708/828
f 2277/1725/828 2274/1706/828 2311/1706/828 2313/1707/828
f 2274/1706/828 2273/1705/828 2309/1705/828 2311/1706/828
f 2273/1705/828 2271/1704/828 2306/1704/828 2309/1705/828
f 2271/1704/828 2268/1703/828 2304/1703/828 2306/1704/828
f 2268/1703/828 2266/1662/828 2302/1662/828 2304/1703/828
f 1939/1618/840 2048/1646/840 2084/1646/840 1945/1618/840
f 2048/1646/840 2047/1740/840 2083/1740/840 2084/1646/840
f 2047/1740/840 2045/1742/840 2080/1753/840 2083/1740/840
f 2045/1742/840 2043/1744/840 2079/1754/840 2080/1753/840
f 2043/1744/840 2041/1746/840 2077/1746/840 2079/1754/840
f 2041/1746/840 2039/1748/840 2075/1748/840 2077/1746/840
f 2039/1748/840 2037/1750/840 2072/1755/840 2075/1748/840
f 2037/1750/840 2036/1752/840 2070/1752/840 2072/1755/840
f 2036/1752/840 2033/1660/840 2069/1661/840 2070/1752/840
f 1951/1621/828 2139/1643/828 2103/1669/828 1993/1600/828
f 2139/1643/828 2137/1756/828 2101/1730/828 2103/1669/828
f 2137/1756/828 2135/1757/828 2098/1728/828 2101/1730/828
f 2135/1757/828 2132/1758/828 2096/1726/828 2098/1728/828
f 2132/1758/828 2130/1759/828 2094/1706/828 2096/1726/828
f 2130/1759/828 2128/1760/828 2093/1724/828 2094/1706/828
f 2128/1760/828 2127/1761/828 2090/1723/828 2093/1724/828
f 2127/1761/828 2125/1762/828 2088/1722/828 2090/1723/828
f 2125/1762/828 2122/1658/828 2086/1659/828 2088/1722/828
f 1953/1617/828 2156/1763/828 2175/1644/828 1955/1621/828
f 2156/1763/828 2155/1764/828 2173/1765/828 2175/1644/828
f 2155/1764/828 2153/1766/828 2170/1767/828 2173/1765/828
f 2153/1766/828 2151/1768/828 2169/1758/828 2170/1767/828
f 2151/1768/828 2148/1769/828 2167/1770/828 2169/1758/828
f 2148/1769/828 2147/1771/828 2165/1760/828 2167/1770/828
f 2147/1771/828 2144/1772/828 2162/1761/828 2165/1760/828
f 2144/1772/828 2143/1773/828 2161/1774/828 2162/1761/828
f 2143/1773/828 2140/1656/828 2159/1657/828 2161/1774/828
f 1948/1617/840 2121/1645/840 2156/1763/840 1953/1617/840
f 2121/1645/840 2118/1764/840 2155/1764/840 2156/1763/840
f 2118/1764/840 2116/1766/840 2153/1766/840 2155/1764/840
f 2116/1766/840 2114/1768/840 2151/1768/840 2153/1766/840
f 2114/1768/840 2112/1769/840 2148/1769/840 2151/1768/840
f 2112/1769/840 2111/1771/840 2147/1771/840 2148/1769/840
f 2111/1771/840 2108/1772/840 2144/1772/840 2147/1771/840
f 2108/1772/840 2106/1773/840 2143/1773/840 2144/1772/840
f 2106/1773/840 2105/1655/840 2140/1656/840 2143/1773/840
f 1957/1630/830 2222/1639/830 2203/1775/830 1936/1642/830
f 2222/1639/830 2223/1776/830 2206/1777/830 2203/1775/830
f 2223/1776/830 2226/1778/830 2207/1779/830 2206/1777/830
f 2226/1778/830 2228/1780/830 2209/1781/830 2207/1779/830
f 2228/1780/830 2230/1782/830 2211/1783/830 2209/1781/830
f 2230/1782/830 2231/1784/830 2214/1785/830 2211/1783/830
f 2231/1784/830 2234/1786/830 2215/1787/830 2214/1785/830
f 2234/1786/830 2236/1788/830 2217/1789/830 2215/1787/830
f 2236/1788/830 2237/1653/830 2219/1654/830 2217/1789/830
f 2577/1637/843 1959/1628/843 2193/1640/843 2578/1790/843
f 2578/1790/843 2193/1640/843 2191/1791/843 2579/1792/843
f 2579/1792/843 2191/1791/843 2189/1793/843 2580/1794/843
f 2580/1794/843 2189/1793/843 2187/1795/843 2581/1796/843
f 2581/1796/843 2187/1795/843 2185/1797/843 2584/1798/843
f 2584/1798/843 2185/1797/843 2183/1799/843 2585/1800/843
f 2585/1800/843 2183/1799/843 2180/1801/843 2586/1802/843
f 2586/1802/843 2180/1801/843 2179/1803/843 2583/1804/843
f 2583/1804/843 2179/1803/843 2177/1651/843 2582/1652/843
f 1976/1620/828 2105/1655/828 2069/1661/828 1973/1599/828
f 2105/1655/828 2106/1773/828 2070/1752/828 2069/1661/828
f 2106/1773/828 2108/1772/828 2072/1755/828 2070/1752/828
f 2108/1772/828 2111/1771/828 2075/1748/828 2072/1755/828
f 2111/1771/828 2112/1769/828 2077/1746/828 2075/1748/828
f 2112/1769/828 2114/1768/828 2079/1754/828 2077/1746/828
f 2114/1768/828 2116/1766/828 2080/1753/828 2079/1754/828
f 2116/1766/828 2118/1764/828 2083/1740/828 2080/1753/828
f 2118/1764/828 2121/1645/828 2084/1646/828 2083/1740/828
f 1978/1619/843 2122/1658/843 2159/1657/843 1982/1619/843
f 2122/1658/843 2125/1762/843 2161/1774/843 2159/1657/843
f 2125/1762/843 2127/1761/843 2162/1761/843 2161/1774/843
f 2127/1761/843 2128/1760/843 2165/1760/843 2162/1761/843
f 2128/1760/843 2130/1759/843 2167/1770/843 2165/1760/843
f 2130/1759/843 2132/1758/843 2169/1758/843 2167/1770/843
f 2132/1758/843 2135/1757/843 2170/1767/843 2169/1758/843
f 2135/1757/843 2137/1756/843 2173/1765/843 2170/1767/843
f 2137/1756/843 2139/1643/843 2175/1644/843 2173/1765/843
f 1985/1631/830 2177/1651/830 2050/1666/830 1987/1603/830
f 2177/1651/830 2179/1803/830 2052/1737/830 2050/1666/830
f 2179/1803/830 2180/1801/830 2054/1736/830 2052/1737/830
f 2180/1801/830 2183/1799/830 2057/1735/830 2054/1736/830
f 2183/1799/830 2185/1797/830 2058/1734/830 2057/1735/830
f 2185/1797/830 2187/1795/830 2060/1733/830 2058/1734/830
f 2187/1795/830 2189/1793/830 2063/1732/830 2060/1733/830
f 2189/1793/830 2191/1791/830 2065/1731/830 2063/1732/830
f 2191/1791/830 2193/1640/830 2066/1641/830 2065/1731/830
f 2602/1650/840 1964/1622/840 2237/1653/840 2592/1805/840 2593/1806/840
f 2592/1805/840 2237/1653/840 2236/1788/840 2595/1807/840
f 2595/1807/840 2236/1788/840 2234/1786/840 2594/1786/840
f 2594/1786/840 2234/1786/840 2231/1784/840 2598/1784/840
f 2598/1784/840 2231/1784/840 2230/1782/840 2597/1782/840
f 2597/1782/840 2230/1782/840 2228/1780/840 2596/1780/840
f 2596/1780/840 2228/1780/840 2226/1778/840 2591/1778/840
f 2591/1778/840 2226/1778/840 2223/1776/840 2590/1776/840
f 2590/1776/840 2223/1776/840 2222/1639/840 2589/1638/840
